Accessible,Pleasant_VH
Approachable,Pleasant_VH
Friendly,Pleasant_VH
Congenial,Pleasant_VH
Affable,Pleasant_VH
Cordial,Pleasant_VH
Welcoming,Pleasant_VH
Sociable,Pleasant_H
Personable,Pleasant_H
Sweet,Pleasant_H
Chummy,Pleasant_H
Warm,Pleasant_H
Hospitable,Pleasant_H
Gregarious,Pleasant_H
Extroverted,Pleasant_H
Inviting,Pleasant_H
Neighborly,Pleasant_H
Cantankerous,Pleasant_L
Cold,Pleasant_L
Dissonant,Pleasant_L
Grim,Pleasant_L
Obnoxious,Pleasant_L
Unpleasant,Pleasant_VL
Unfriendly,Pleasant_VL
Irksome,Pleasant_VL
Unsociable,Pleasant_VL
Avoidant,Pleasant_VL
Unapproachable,Pleasant_VL
Agreeable,Agreeable_VH
Amiable,Agreeable_VH
Easygoing,Agreeable_VH
Harmonious,Agreeable_H
Unaggressive,Agreeable_H
Aggressive,Agreeable_L
Argumentative,Agreeable_L
Disputatious,Agreeable_L
Hostile,Agreeable_L
Disagreeable,Agreeable_L
Authoritarian,Agreeable_VL
Fierce,Agreeable_VL
Rough,Agreeable_VL
Quarrelsome,Agreeable_VL
Confrontational,Agreeable_VL
Proactive,Agreeable_VL
Active,Lively_VH
Spritely,Lively_VH
Spry,Lively_VH
Vigorous,Lively_VH
Vital,Lively_VH
Dynamic,Lively_VH
Sporty,Lively_H
Youthful,Lively_H
Spirited,Lively_H
Animated,Lively_H
Feisty,Lively_H
Spunky,Lively_H
Enervated,Lively_L
Tired,Lively_L
Lackadaisical,Lively_L
Lethargic,Lively_VL
Sluggish,Lively_VL
Inactive,Lively_VL
Inert,Lively_VL
Flexible,Adaptable_VH
Cooperative,Adaptable_VH
Amenable,Adaptable_VH
Versatile,Adaptable_VH
Protean,Adaptable_VH
Tractable,Adaptable_VH
Malleable,Adaptable_H
Pliable,Adaptable_H
Impressionable,Adaptable_H
Collaberative,Adaptable_H
Dogmatic,Adaptable_L
Opinionated,Adaptable_L
Perverse,Adaptable_L
Uncooperative,Adaptable_L
Inflexible,Adaptable_VL
Stubborn,Adaptable_VL
Obstinate,Adaptable_VL
Obdurate,Adaptable_VL
Intransigent,Adaptable_VL
Unbending,Adaptable_VL
Admirable,Honorable_VH
Creditable,Honorable_VH
Noble,Honorable_VH
Moral,Honorable_VH
Pure,Honorable_VH
Virtuous,Honorable_VH
Righteous,Honorable_VH
High-minded,Honorable_H
Incorruptible,Honorable_H
Sporting,Honorable_H
Upright,Honorable_H
Stately,Honorable_H
Dignified,Honorable_H
Contemptible,Honorable_L
Devious,Honorable_L
Dirty,Honorable_L
Nihilistic,Honorable_L
Dissolute,Honorable_L
Deplorable,Honorable_VL
Disgraceful,Honorable_VL
Shameful,Honorable_VL
Dishonorable,Honorable_VL
Amoral,Honorable_VL
Detestable,Honorable_VL
Courageous,Brave_VH
Gallant,Brave_VH
Heroic,Brave_VH
Adventurous,Brave_VH
Audacious,Brave_VH
Daring,Brave_VH
Venturesome,Brave_VH
Bold,Brave_VH
Fearless,Brave_VH
Unafraid,Brave_H
Unshrinking,Brave_H
Dauntless,Brave_H
Intrepid,Brave_H
Valiant,Brave_H
Cowardly,Brave_L
Hesitant,Brave_L
Scared,Brave_L
Timid,Brave_VL
Fearful,Brave_VL
Afraid,Brave_VL
Apprehensive,Brave_VL
Quick-witted,Intelligent_VH
Sharp,Intelligent_VH
Bright,Intelligent_VH
Quick,Intelligent_VH
Keen,Intelligent_VH
Brilliant,Intelligent_VH
Smart,Intelligent_VH
Intellectual,Intelligent_VH
Clever,Intelligent_VH
Ingenious,Intelligent_VH
Incisive,Intelligent_H
Intelligent,Intelligent_H
Astute,Intelligent_H
Shrewd,Intelligent_H
Insightful,Intelligent_H
Perceptive,Intelligent_H
Discerning,Intelligent_H
Cerebral,Intelligent_H
Brainy,Intelligent_H
Witty,Intelligent_H
Dense,Intelligent_L
Foolish,Intelligent_L
Slow,Intelligent_L
Simpleminded,Intelligent_L
Obtuse,Intelligent_L
Stupid,Intelligent_VL
Unintelligent,Intelligent_VL
Dimwitted,Intelligent_VL
Aware,Attentive_VH
Observant,Attentive_VH
Vigilant,Attentive_VH
Watchful,Attentive_VH
Alert,Attentive_H
Heedful,Attentive_H
Enthralled,Attentive_H
Interested,Attentive_H
Inattentive,Attentive_L
Absentminded,Attentive_L
Distrait,Attentive_VL
Oblivious,Attentive_VL
Forgetful,Attentive_VL
Confused,Attentive_VL
Bewildered,Attentive_VL
Obliged,Appreciative_VH
Indebted,Appreciative_VH
Grateful,Appreciative_H
Thankful,Appreciative_H
Ungrateful,Appreciative_L
Unappreciative,Appreciative_L
Unthankful,Appreciative_L
Selfish,Appreciative_L
Thankless,Appreciative_L
Demanding,Appreciative_VL
Dissatisfied,Appreciative_VL
Unappreciative,Appreciative_VL
Self-Centered,Appreciative_VL
Hopeful,Optimistic_VH
Cheery,Optimistic_VH
Hopeful,Optimistic_VH
Merry,Optimistic_VH
Positive,Optimistic_VH
Positive,Optimistic_H
Heartened,Optimistic_H
Assured,Optimistic_H
Confident,Optimistic_H
Downbeat,Optimistic_L
Despondent,Optimistic_L
Disheartened,Optimistic_L
Dispirited,Optimistic_L
Pessimistic,Optimistic_VL
Hopeless,Optimistic_VL
Negative,Optimistic_VL
Defeatist,Optimistic_VL
Commonsensical,Mature_VH
Sane,Mature_VH
Sober,Mature_VH
Stable,Mature_H
Well-adjusted,Mature_H
Wet behind the ears,Mature_L
Tenderfoot,Mature_L
Underdeveloped,Mature_L
Immature,Mature_VL
Childish,Mature_VL
Juvenile,Mature_VL
Sophomoric,Mature_VL
Just,Fair_VH
Balanced,Fair_VH
Equitable,Fair_VH
Impartial,Fair_VH
Unprejudiced,Fair_VH
Civil,Fair_VH
Courteous,Fair_H
Equitable,Fair_H
Generous,Fair_H
Lawful,Fair_H
Unfair,Fair_L
Partial,Fair_L
Biased,Fair_L
Imbalanced,Fair_L
Prejudiced,Fair_L
Partisan,Fair_VL
Deceitful,Fair_VL
Devious,Fair_VL
Dishonest,Fair_VL
Practical,Reasonable_VH
Realistic,Reasonable_VH
Pragmatic,Reasonable_VH
Rational,Reasonable_VH
Wise,Reasonable_VH
Judicious,Reasonable_VH
Logical,Reasonable_VH
Prudent,Reasonable_H
Sensible,Reasonable_H
Sage,Reasonable_H
Methodical,Reasonable_H
Systematic,Reasonable_H
Unsentimental,Reasonable_H
Fanciful,Reasonable_L
Imprudent,Reasonable_L
Mawkish,Reasonable_L
Misguided,Reasonable_L
Dreamy,Reasonable_L
Impractical,Reasonable_VL
Idealistic,Reasonable_VL
Perfectionist,Reasonable_VL
Sentimental,Reasonable_VL
Arbitrary,Reasonable_VL
Escapist,Reasonable_VL
Benevolent,Kind_VH
Considerate,Kind_VH
Humane,Kind_VH
Kindhearted,Kind_VH
Loving,Kind_VH
Sympathetic,Kind_VH
Thoughtful,Kind_VH
Affectionate,Kind_H
Gracious,Kind_H
Amiable,Kind_H
Charitable,Kind_H
Compassionate,Kind_H
Troublesome,Kind_L
Unfriendly,Kind_L
Unpleasant,Kind_L
Rough,Kind_L
Ugly,Kind_L
Unkind,Kind_VL
Mean,Kind_VL
Cruel,Kind_VL
Abrasive,Kind_VL
Malicious,Kind_VL
Evil,Kind_VL
Altruistic,Generous_VH
Humanitarian,Generous_VH
Philanthropic,Generous_VH
Selfless,Generous_VH
Giving,Generous_VH
Charitable,Generous_VH
Magnanimous,Generous_H
Munificent,Generous_H
Unselfish,Generous_H
Beneficent,Generous_H
Bighearted,Generous_H
Accommodating,Generous_H
Sharing,Generous_H
Hedonistic,Generous_L
Self-indulgent,Generous_L
Selfish,Generous_VL
Egocentric,Generous_VL
Greedy,Generous_VL
Tranquil,Calm_VH
Serene,Calm_VH
Relaxed,Calm_VH
Leisurely,Calm_VH
Peaceful,Calm_VH
Nonchalant,Calm_VH
Airy,Calm_VH
Easygoing,Calm_VH
Unruffled,Calm_H
Unflustered,Calm_H
Placid,Calm_H
Controlled,Calm_H
Insouciant,Calm_H
Mellow,Calm_H
Casual,Calm_H
Equable,Calm_H
Languid,Calm_H
Moody,Calm_L
Antsy,Calm_L
Restless,Calm_L
Worried,Calm_L
Fidgety,Calm_L
Dismayed,Calm_L
Distressed,Calm_L
Nervous,Calm_VL
Anxious,Calm_VL
Edgy,Calm_VL
Tense,Calm_VL
Skittish,Calm_VL
Neurotic,Calm_VL
Excitable,Calm_VL
Proficient,Capable_VH
Adept,Capable_VH
Handy,Capable_VH
Skillful,Capable_VH
Gifted,Capable_VH
Able,Capable_H
Talented,Capable_H
Competent,Capable_H
Expert,Capable_H
Useful,Capable_H
Clumsy,Capable_L
Uncoordinated,Capable_L
Amateurish,Capable_L
Inexperienced,Capable_L
Incompetent,Capable_VL
Inept,Capable_VL
Unskillful,Capable_VL
Unqualified,Capable_VL
Captivating,Persuasive_VH
Alluring,Persuasive_VH
Enticing,Persuasive_VH
Compelling,Persuasive_VH
Credible,Persuasive_H
Convincing,Persuasive_H
Eloquent,Persuasive_H
Energetic,Persuasive_H
Plausible,Persuasive_H
Inconclusive,Persuasive_L
Questionable,Persuasive_L
Unbelievable,Persuasive_L
Suspect,Persuasive_L
Unconvincing,Persuasive_VL
Flimsy,Persuasive_VL
Implausible,Persuasive_VL
Charming,Charismatic_VH
Beguiling,Charismatic_VH
Lovable,Charismatic_VH
Suave,Charismatic_VH
Debonair,Charismatic_VH
Urbane,Charismatic_H
Winning,Charismatic_H
Endearing,Charismatic_H
Cute,Charismatic_H
Smooth,Charismatic_H
Repellent,Charismatic_L
Charmless,Charismatic_L
Foul,Charismatic_L
Repugnant,Charismatic_L
Repulsive,Charismatic_VL
Revolting,Charismatic_VL
Disgusting,Charismatic_VL
Abhorrent,Charismatic_VL
Jolly,Happy_VH
Merry,Happy_VH
Joyful,Happy_VH
Breezy,Happy_VH
Contented,Happy_VH
Satisfied,Happy_H
Bubbly,Happy_H
Perky,Happy_H
Cheery,Happy_H
Sanguine,Happy_H
Sad,Happy_L
Unhappy,Happy_L
Discontented,Happy_L
Blue,Happy_L
Depressed,Happy_VL
Sorrowful,Happy_VL
Disaffected,Happy_VL
Dissatisfied,Happy_VL
Ebullient,Jovial_VH
Hearty,Jovial_VH
Lively,Jovial_VH
Vivacious,Jovial_VH
Radiant,Jovial_VH
Exuberant,Jovial_H
Flamboyant,Jovial_H
Effervescent,Jovial_H
Sad,Jovial_L
Unhappy,Jovial_L
Discontented,Jovial_L
Melancholic,Jovial_L
Morbid,Jovial_L
Dark,Jovial_L
Depressed,Jovial_VL
Miserable,Jovial_VL
Gloomy,Jovial_VL
Dissatisfied,Jovial_VL
Colorful,Dramatic_VH
Vibrant,Dramatic_VH
Gaudy,Dramatic_VH
Garish,Dramatic_VH
Glamorous,Dramatic_VH
Theatrical,Dramatic_VH
Vivid,Dramatic_H
Thrilling,Dramatic_H
Startling,Dramatic_H
Climactic,Dramatic_H
Apathetic,Dramatic_L
Disinterested,Dramatic_L
Frigid,Dramatic_L
Lethargic,Dramatic_L
Drab,Dramatic_VL
Colorless,Dramatic_VL
Phlegmatic,Dramatic_VL
Dreary,Dramatic_VL
Dull,Dramatic_VL
Conciliatory,Pacifying_VH
Placatory,Pacifying_VH
Appeasing,Pacifying_VH
Peacemaking,Pacifying_VH
Mollifying,Pacifying_H
Propitiatory,Pacifying_H
Irritating,Pacifying_L
Provocative,Pacifying_L
Annoying,Pacifying_L
Disturbing,Pacifying_VL
Bothersome,Pacifying_VL
Vexatious,Pacifying_VL
Self-assured,Confident_VH
Decisive,Confident_VH
Resolute,Confident_VH
Secure,Confident_VH
Uninhibited,Confident_VH
Crisp,Confident_VH
Certain,Confident_VH
Composed,Confident_H
Level-Headed,Confident_H
Unflappable,Confident_H
Poised,Confident_H
Retiring,Confident_L
Self-conscious,Confident_L
Hesitant,Confident_L
Uncertain,Confident_L
Unsure,Confident_VL
Unconfident,Confident_VL
Insecure,Confident_VL
Shy,Confident_VL
Bashful,Confident_VL
Diffident,Confident_VL
Indecisive,Confident_VL
Inhibited,Confident_VL
Motivated,Diligent_VH
Driven,Diligent_VH
Inspired,Diligent_VH
Determined,Diligent_VH
Purposeful,Diligent_VH
Committed,Diligent_VH
Competitive,Diligent_VH
Enterprising,Diligent_VH
Entrepreneurial,Diligent_VH
Pioneering,Diligent_VH
Focused,Diligent_VH
Industrious,Diligent_H
Hard-working,Diligent_H
Assiduous,Diligent_H
Conscientious,Diligent_H
Dedicated,Diligent_H
Dutiful,Diligent_H
Ambitious,Diligent_H
Unambitious,Diligent_L
Limited,Diligent_L
Shiftless,Diligent_L
Lazy,Diligent_VL
Idle,Diligent_VL
Slothful,Diligent_VL
Indolent,Diligent_VL
Aimless,Diligent_VL
Complacent,Diligent_VL
Thorough,Meticulous_VH
Discreet,Meticulous_VH
Precise,Meticulous_VH
Scrupulous,Meticulous_VH
Calculating,Meticulous_VH
Cautious,Meticulous_H
Circumspect,Meticulous_H
Safe,Meticulous_H
Impulsive,Meticulous_L
Impetuous,Meticulous_L
Mechanical,Meticulous_L
Careless,Meticulous_VL
Shoddy,Meticulous_VL
Negligent,Meticulous_VL
Slovenly,Meticulous_VL
Spontaneous,Meticulous_VL
Thoughtful,Mindful_VH
Considerate,Mindful_VH
Heedful,Mindful_H
Careful,Mindful_H
Tactful,Mindful_H
Diplomatic,Mindful_H
Heedless,Mindful_L
Unmindful,Mindful_L
Tactless,Mindful_L
Inconsiderate,Mindful_VL
Neglectful,Mindful_VL
Uncaring,Mindful_VL
Helpful,Accommodating_VH
Unselfish,Accommodating_VH
Welcoming,Accommodating_VH
Obliging,Accommodating_H
Discourteous,Accommodating_L
Unobliging,Accommodating_VL
Unhelpful,Accommodating_VL
Constant,Loyal_VH
Faithful,Loyal_VH
Devoted,Loyal_VH
Staunch,Loyal_H
Patriotic,Loyal_H
Devout,Loyal_H
Faithless,Loyal_L
0,Loyal_L
Unpatriotic,Loyal_L
Treacherous,Loyal_VL
Disloyal,Loyal_VL
Unfaithful,Loyal_VL
Trustworthy,Responsible_VH
Dependable,Responsible_VH
Reliable,Responsible_VH
Confidential,Responsible_H
Accountable,Responsible_H
Answerable,Responsible_H
Undependable,Responsible_L
Unaccountable,Responsible_L
Untrustworthy,Responsible_VL
Unreliable,Responsible_VL
Irresponsible,Responsible_VL
Pensive,Contemplative_VH
Reflective,Contemplative_VH
Meditative,Contemplative_VH
Musing,Contemplative_VH
Ruminative,Contemplative_VH
Thoughtful,Contemplative_VH
Curious,Contemplative_H
Interested,Contemplative_H
Inquisitive,Contemplative_H
Questioning,Contemplative_H
Unconcerned,Contemplative_L
Offhand,Contemplative_L
Dry,Contemplative_L
Blasé,Contemplative_L
Uninterested,Contemplative_VL
Vacant,Contemplative_VL
Apathetic,Contemplative_VL
Indifferent,Contemplative_VL
Distractible,Contemplative_VL
Incurious,Contemplative_VL
Polite,Courteous_VH
Civil,Courteous_VH
Respectful,Courteous_VH
Gracious,Courteous_VH
Polished,Courteous_VH
Well-bred,Courteous_VH
Well-mannered,Courteous_VH
Inoffensive,Courteous_VH
Unobjectionable,Courteous_VH
Innocuous,Courteous_VH
Appropriate,Courteous_H
Expedient,Courteous_H
Mannered,Courteous_H
Ceremonious,Courteous_H
Civilized,Courteous_H
Mannerly,Courteous_H
Businesslike,Courteous_H
Professional,Courteous_H
Rude,Courteous_L
Impolite,Courteous_L
Bad-mannered,Courteous_L
Discourteous,Courteous_L
Uncivil,Courteous_L
Impertinent,Courteous_L
Offensive,Courteous_L
Coarse,Courteous_L
Crude,Courteous_L
Disrespectful,Courteous_L
Inappropriate,Courteous_L
Vulgar,Courteous_VL
Earthy,Courteous_VL
Unceremonious,Courteous_VL
Primitive,Courteous_VL
Boorish,Courteous_VL
Impudent,Courteous_VL
Insolent,Courteous_VL
Unprofessional,Courteous_VL
Imaginative,Creative_VH
Innovative,Creative_VH
Original,Creative_VH
Resourceful,Creative_H
Experimental,Creative_H
Inventive,Creative_H
Unoriginal,Creative_L
Conventional,Creative_L
Imitative,Creative_VL
Predictable,Creative_VL
Timeworn,Creative_VL
Cultured,Objectivity_VH
Refined,Objectivity_VH
Cultivated,Objectivity_VH
Liberal,Objectivity_VH
Tolerant,Objectivity_VH
Unprejudiced,Objectivity_VH
Unbigoted,Objectivity_VH
Enlightened,Objectivity_H
Objective,Objectivity_H
Impartial,Objectivity_H
Patient,Objectivity_H
Stoic,Objectivity_H
Forbearing,Objectivity_H
Neutral,Objectivity_H
Progressive,Objectivity_H
Open,Objectivity_H
Minded,Objectivity_H
Rustic,Objectivity_L
Unsophisticated,Objectivity_L
Uncultured,Objectivity_L
Unrefined,Objectivity_L
Simple,Objectivity_VL
Impatient,Objectivity_VL
Naïve,Objectivity_VL
Narrow,Objectivity_VL
Narrow-minded,Objectivity_VL
Subjective,Objectivity_VL
Direct,Frankness_VH
Frank,Frankness_VH
Candid,Frankness_VH
Transparent,Frankness_VH
Straightforward,Frankness_VH
Blunt,Frankness_VH
Forthright,Frankness_H
Genuine,Frankness_H
Authentic,Frankness_H
Sincere,Frankness_H
Abrupt,Frankness_H
Outspoken,Frankness_H
Short,Frankness_H
Insincere,Frankness_L
Deceptive,Frankness_L
Noncommittal,Frankness_L
Evasive,Frankness_VL
Equivocal,Frankness_VL
Artificial,Frankness_VL
Deceitful,Frankness_VL
Dishonest,Frankness_VL
Fraudulent,Frankness_VL
Orderly,Disciplined_VH
Controlled,Disciplined_VH
Behaved,Disciplined_VH
Self-Controlled,Disciplined_H
Structured,Disciplined_H
Disruptive,Disciplined_L
Rowdy,Disciplined_L
Undisciplined,Disciplined_VL
Unruly,Disciplined_VL
Disorderly,Disciplined_VL
Earnest,Serious_VH
Solemn,Serious_VH
Grave,Serious_VH
Sober,Serious_VH
Humorless,Serious_H
Reverent,Serious_H
Facetious,Serious_L
Irreverent,Serious_L
Droll,Serious_L
Whimsical,Serious_L
Sarcastic,Serious_L
Ironic,Serious_L
Derisive,Serious_L
Snide,Serious_L
Caustic,Serious_L
Giddy,Serious_L
Humorous,Serious_VL
Silly,Serious_VL
Lighthearted,Serious_VL
Carefree,Serious_VL
Playful,Serious_VL
Frivolous,Serious_VL
Flippant,Serious_VL
Stylish,Esthetic_VH
Tasteful,Esthetic_VH
Fashionable,Esthetic_VH
Voguish,Esthetic_VH
Modish,Esthetic_H
Esthetic,Esthetic_H
Natty,Esthetic_H
Modern,Esthetic_H
Tasteless,Esthetic_L
Unfashionable,Esthetic_L
Unstylish,Esthetic_L
Boring,Esthetic_VL
Dull,Esthetic_VL
Uninspired,Esthetic_VL
Flat,Esthetic_VL
Empathetic,Compassionate_VH
Considerate,Compassionate_VH
Sympathetic,Compassionate_VH
Thoughtful,Compassionate_VH
Caring,Compassionate_VH
Solicitous,Compassionate_H
Sensitive,Compassionate_H
Understanding,Compassionate_H
Humane,Compassionate_H
Cruel,Compassionate_L
Barbaric,Compassionate_L
Brutish,Compassionate_L
Sadistic,Compassionate_L
Malevolent,Compassionate_L
Brutal,Compassionate_VL
Evil,Compassionate_VL
Savage,Compassionate_VL
Fierce,Compassionate_VL
Violent,Compassionate_VL
Ferocious,Compassionate_VL
Enthusiastic,Passionate_VH
Eager,Passionate_VH
Keen,Passionate_VH
Fanatical,Passionate_VH
Fiery,Passionate_VH
Obsessive,Passionate_VH
Intense,Passionate_VH
Avid,Passionate_H
Ardent,Passionate_H
Preoccupied,Passionate_H
Zealous,Passionate_H
Lukewarm,Passionate_L
Halfhearted,Passionate_L
Dispassionate,Passionate_VL
Apathetic,Passionate_VL
Prescient,Clairvoyant_VH
Farsighted,Clairvoyant_VH
Predictive,Clairvoyant_H
Visionary,Clairvoyant_H
Short-sighted,Clairvoyant_L
Myopic,Clairvoyant_L
Astigmatic,Clairvoyant_L
Nearsighted,Clairvoyant_VL
Blind,Clairvoyant_VL
Assertive,Forceful_VH
Authoritative,Forceful_VH
Vigorous,Forceful_VH
Domineering,Forceful_VH
Dominant,Forceful_VH
Adamant,Forceful_VH
Controlling,Forceful_VH
Commanding,Forceful_VH
Powerful,Forceful_VH
Pushy,Forceful_H
Strong,Forceful_H
Firm,Forceful_H
Insistent,Forceful_H
Unyielding,Forceful_H
Persistent,Forceful_H
Servile,Forceful_L
Obsequious,Forceful_L
Weak,Forceful_L
Submissive,Forceful_VL
Compliant,Forceful_VL
Fatalistic,Forceful_VL
Accepting,Forceful_VL
Resigned,Forceful_VL
Merciful,Forgiving_VH
Lenient,Forgiving_H
Malicious,Forgiving_L
Spiteful,Forgiving_L
Ruthless,Forgiving_L
Merciless,Forgiving_VL
Vindictive,Forgiving_VL
Vengeful,Forgiving_VL
Unforgiving,Forgiving_VL
Humble,Modest_VH
Meek,Modest_VH
Unassuming,Modest_VH
Deferential,Modest_H
Self-effacing,Modest_H
Haughty,Modest_L
Cocky,Modest_L
Pretentious,Modest_L
Affected,Modest_L
Conceited,Modest_VL
Boastful,Modest_VL
Vain,Modest_VL
Narcissistic,Modest_VL
Arrogant,Modest_VL
Individualistic,Independent_VH
Maverick,Independent_VH
Free-thinking,Independent_VH
Self-sufficient,Independent_VH
Idiosyncratic,Independent_H
Distinctive,Independent_H
Self-Reliant,Independent_H
Dependent,Independent_L
Reliant,Independent_L
Coddled,Independent_L
Spoiled,Independent_VL
Pampered,Independent_VL
Demonstrative,Expressive_VH
Open,Expressive_VH
Forthcoming,Expressive_VH
Communicative,Expressive_VH
Unreserved,Expressive_VH
Articulate,Expressive_VH
Eloquent,Expressive_H
Talkative,Expressive_H
Loquacious,Expressive_H
Garrulous,Expressive_H
Conversant,Expressive_H
Private,Expressive_L
Reserved,Expressive_L
Restrained,Expressive_L
Temperate,Expressive_L
Quiet,Expressive_L
Secretive,Expressive_L
Stealthy,Expressive_L
Unintelligible,Expressive_VL
Inarticulate,Expressive_VL
Impassive,Expressive_VL
Inscrutable,Expressive_VL
Mysterious,Expressive_VL
Enigmatic,Expressive_VL
Macho,Masculine_VH
Manly,Masculine_VH
Virile,Masculine_H
Softhearted,Masculine_L
Dainty,Masculine_L
Feminine,Masculine_VL
Delicate,Masculine_VL
Gentle,Masculine_VL
Effeminate,Masculine_VL
Scholarly,Educated_VH
Sophisticated,Educated_VH
Studious,Educated_VH
Informed,Educated_H
Knowledgeable,Educated_H
Learned,Educated_H
Ignorant,Educated_L
Uneducated,Educated_L
Unknowledgeable,Educated_L
Inexperienced,Educated_L
Misinformed,Educated_L
Illiterate,Educated_VL
Naive,Educated_VL
Oblivious,Educated_VL
Uninformed,Educated_VL
Uneducated,Educated_VL
Loving,Affectionate_VH
Amorous,Affectionate_VH
Sensual,Affectionate_VH
Romantic,Affectionate_H
Unaffectionate,Affectionate_L
Cold,Affectionate_L
Detached,Affectionate_L
Unloving,Affectionate_VL
Uncaring,Affectionate_VL
Unkind,Affectionate_VL
Unemotional,Affectionate_VL
Sanitary,Organized_VH
Coordinated,Organized_VH
Grouped,Organized_VH
Methodized,Organized_VH
Arranged,Organized_VH
Systematized,Organized_VH
Tidy,Organized_H
Neat,Organized_H
Clean,Organized_H
Dirty,Organized_L
Grubby,Organized_L
Untidy,Organized_L
Dishevelled,Organized_L
Messy,Organized_VL
Disorganized,Organized_VL
Confusing,Organized_VL
Chaotic,Organized_VL
Cluttered,Organized_VL
Trustful,Trusting_VH
Unsuspecting,Trusting_VH
Unquestioning,Trusting_VH
Gullible,Trusting_H
Naive,Trusting_H
Dubious,Trusting_L
Incredulous,Trusting_L
Leery,Trusting_L
Skeptical,Trusting_VL
Doubtful,Trusting_VL
Cynical,Trusting_VL
Distrustful,Trusting_VL
Suspicious,Trusting_VL
Supportive,Encouraging_VH
Reassuring,Encouraging_VH
Fawning,Encouraging_VH
Flattering,Encouraging_H
Inspiring,Encouraging_H
Disparaging,Encouraging_L
Deprecatory,Encouraging_L
Dengratory,Encouraging_L
Belittling,Encouraging_L
Critical,Encouraging_L
Condemnatory,Encouraging_L
Disconcerting,Encouraging_L
Discouraging,Encouraging_VL
Insulting,Encouraging_VL
Abusive,Encouraging_VL
Iconoclast,Encouraging_VL
Nagging,Encouraging_VL
Traditional,Conformist_VH
Obedient,Conformist_VH
Orthodox,Conformist_VH
Hidebound,Conformist_VH
Conventional,Conformist_VH
Demure,Conformist_H
Prim,Conformist_H
Formal,Conformist_H
Proper,Conformist_H
Stuffy,Conformist_H
Naughty,Conformist_L
Mischievous,Conformist_L
Informal,Conformist_L
Rebellious,Conformist_VL
Defiant,Conformist_VL
Disobedient,Conformist_VL
Insubordinate,Conformist_VL
Invulnerable,Resilient_VH
Solid,Resilient_VH
Tenacious,Resilient_VH
Unbreakable,Resilient_VH
Firm,Resilient_H
Hardy,Resilient_H
Durable,Resilient_H
Resistant,Resilient_H
Tough,Resilient_H
Upsettable,Resilient_L
Touchy,Resilient_L
Grouchy,Resilient_L
Grumpy,Resilient_L
Cross,Resilient_L
Sensitive,Resilient_VL
Brittle,Resilient_VL
Irritable,Resilient_VL
Irascible,Resilient_VL
Testy,Resilient_VL
Receptive,Responsive_VH
Sensitive,Responsive_VH
Sharp,Responsive_VH
Aware,Responsive_VH
Alive,Responsive_H
Sympathetic,Responsive_H
Susceptible,Responsive_H
Perceptive,Responsive_H
Unemotional,Responsive_L
Unfeeling,Responsive_L
Unmoved,Responsive_L
Passive,Responsive_L
Unresponsive,Responsive_VL
Indifferent,Responsive_VL
Insensitive,Responsive_VL
Apathetic,Responsive_VL
Difficult,Demanding_VH
Challenging,Demanding_VH
Stern,Demanding_VH
Strict,Demanding_VH
Exacting,Demanding_H
Austere,Demanding_H
Finicky,Demanding_H
Picky,Demanding_H
Fussy,Demanding_H
Benign,Demanding_L
Indiscriminate,Demanding_L
Kind,Demanding_L
Merciful,Demanding_L
Undemanding,Demanding_VL
Tolerant,Demanding_VL
Compassionate,Demanding_VL
Lenient,Demanding_VL
Forgiving,Demanding_VL
Jealous,Envious_VH
Resentful,Envious_VH
Covetous,Envious_VH
Greedy,Envious_H
Spiteful,Envious_H
Grudging,Envious_H
Begrudging,Envious_H
Admiring,Envious_L
Proud,Envious_L
Approve,Envious_L
Adore,Envious_L
Appreciate,Envious_L
Commend,Envious_L
Idolize,Envious_VL
Marvel,Envious_VL
Respect,Envious_VL
Revere,Envious_VL
Treasure,Envious_VL
Worship,Envious_VL
Glorify,Envious_VL
Prize,Envious_VL
Constant,Consistent_VH
Stable,Consistent_VH
Predictable,Consistent_H
Reliable,Consistent_H
Fickle,Consistent_L
Surprising,Consistent_L
Changing,Consistent_L
Dangerous,Consistent_L
Erratic,Consistent_VL
Unpredictable,Consistent_VL
Inconsistent,Consistent_VL
Volatile,Consistent_VL
Reasonable,Moderate_VH
Mild,Moderate_VH
Modest,Moderate_VH
Conservative,Moderate_VH
Balanced,Moderate_VH
Cautious,Moderate_H
Neutral,Moderate_H
Tame,Moderate_H
Tolerant,Moderate_H
Irrational,Moderate_L
Outrageous,Moderate_L
Unreasonable,Moderate_L
Extreme,Moderate_VL
Extravagant,Moderate_VL
Fanatical,Moderate_VL
Drastic,Moderate_VL
Excessive,Moderate_VL
Radical,Moderate_VL
Relaxing,Soothing_VH
Calming,Soothing_VH
Consoling,Soothing_VH
Pacifying,Soothing_VH
Remedying,Soothing_H
Softening,Soothing_H
Frightening,Soothing_L
Alarming,Soothing_L
Startling,Soothing_L
Distressing,Soothing_L
Chilling,Soothing_VL
Fearful,Soothing_VL
Disturbing,Soothing_VL
Dangerous,Soothing_VL
Graceful,Elegant_VH
Classy,Elegant_VH
Stylish,Elegant_VH
Flair,Elegant_VH
Balletic,Elegant_VH
Exquisite,Elegant_VH
Tasteful,Elegant_VH
Smooth,Elegant_VH
Delicate,Elegant_H
Shapely,Elegant_H
Aesthetic,Elegant_H
Curvaceous,Elegant_H
Charming,Elegant_H
Lovely,Elegant_H
Blundering,Elegant_L
Unrefined,Elegant_L
Unskilled,Elegant_L
Graceless,Elegant_VL
Awkward,Elegant_VL
Clumsy,Elegant_VL
Gauche,Elegant_VL
Inelegant,Elegant_VL
Desire,Lustful_VH
Longing,Lustful_VH
Craving,Lustful_VH
Fervor,Lustful_VH
Excitement,Lustful_VH
Libidinous,Lustful_H
Lecherous,Lustful_H
Lascivious,Lustful_H
Apathy,Lustful_L
Distaste,Lustful_L
Chaste,Lustful_VL
Platonic,Lustful_VL
Nonsexual,Lustful_VL
Interfering,Meddling_VH
Intrusive,Meddling_VH
Prying,Meddling_VH
Invasive,Meddling_H
Concerned,Meddling_H
Sidestep,Meddling_L
Deflect,Meddling_L
Duck,Meddling_L
Elude,Meddling_L
Skip,Meddling_L
Circumlocute,Meddling_L
Avoiding,Meddling_VL
Dodging,Meddling_VL
Circumvent,Meddling_VL
Avert,Meddling_VL
Bypass,Meddling_VL
Dodge,Meddling_VL
Escape,Meddling_VL
Evade,Meddling_VL
Obvious,Conspicuous_VH
Clear,Conspicuous_VH
Perceptive,Conspicuous_VH
Discernible,Conspicuous_VH
Evident,Conspicuous_VH
Unmistakable,Conspicuous_VH
Apparent,Conspicuous_H
Observable,Conspicuous_H
Explicit,Conspicuous_H
Palpable,Conspicuous_H
Intuitive,Conspicuous_H
Unclear,Conspicuous_L
Obscure,Conspicuous_L
Complex,Conspicuous_L
Mysterious,Conspicuous_L
Ambiguous,Conspicuous_L
Vague,Conspicuous_L
Imperceptible,Conspicuous_VL
Inconspicuous,Conspicuous_VL
Invisible,Conspicuous_VL
Unclear,Conspicuous_VL
Obscure,Conspicuous_VL
Indistinguishable,Conspicuous_VL
Typical,Ordinary_VH
Conventional,Ordinary_VH
Standard,Ordinary_VH
Average,Ordinary_VH
Everyday,Ordinary_VH
Natural,Ordinary_VH
Normal,Ordinary_VH
Traditional,Ordinary_H
Familiar,Ordinary_H
General,Ordinary_H
Customary,Ordinary_H
Popular,Ordinary_H
Homely,Ordinary_H
Habitual,Ordinary_H
Odd,Ordinary_L
Weird,Ordinary_L
Unusual,Ordinary_L
Strange,Ordinary_L
Eccentric,Ordinary_L
Extravagant,Ordinary_L
Funny,Ordinary_L
Bizarre,Ordinary_VL
Quirky,Ordinary_VL
Outlandish,Ordinary_VL
Unconventional,Ordinary_VL
Outrageous,Ordinary_VL
Ridiculous,Ordinary_VL
Far-out,Ordinary_VL
Amusing,Interesting_VH
Entertaining,Interesting_VH
Engrossing,Interesting_VH
Fascinating,Interesting_VH
Riveting,Interesting_VH
Gripping,Interesting_H
Fun,Interesting_H
Enjoyable,Interesting_H
Monotonous,Interesting_L
Dry,Interesting_L
Insipid,Interesting_L
Plain,Interesting_L
Boring,Interesting_VL
Dull,Interesting_VL
Bland,Interesting_VL
Uninteresting,Interesting_VL
Sly,Conniving_VH
Crafty,Conniving_VH
Cunning,Conniving_VH
Scheming,Conniving_VH
Devious,Conniving_VH
Sneaky,Conniving_VH
Tricky,Conniving_VH
Counterfeit,Conniving_H
Artful,Conniving_H
Wily,Conniving_H
Artless,Conniving_L
Guileless,Conniving_L
Ingenuous,Conniving_VL
Naïve,Conniving_VL
Innocent,Conniving_VL
Thrifty,Frugal_VH
Economical,Frugal_VH
Stingy,Frugal_VH
Cheap,Frugal_VH
Miserly,Frugal_VH
Canny,Frugal_H
Careful,Frugal_H
Meticulous,Frugal_H
Prudent,Frugal_H
Profligate,Frugal_L
Careless,Frugal_L
Lavish,Frugal_L
Generous,Frugal_L
Extravagant,Frugal_VL
Wasteful,Frugal_VL
Spendthrifty,Frugal_VL
Regretful,Apologetic_VH
Sorry,Apologetic_VH
Remorseful,Apologetic_VH
Rueful,Apologetic_H
Penitent,Apologetic_H
Guilty,Apologetic_H
Ashamed,Apologetic_H
Penitent,Apologetic_L
Shameless,Apologetic_L
Unabashed,Apologetic_L
Unapologetic,Apologetic_VL
Unrepentant,Apologetic_VL
Remorseless,Apologetic_VL
Exploitative,Predatory_VH
Wolfish,Predatory_VH
Rapacious,Predatory_VH
Vulturous,Predatory_VH
Abusive,Predatory_VH
Voracious,Predatory_VH
Carnivorous,Predatory_VH
Avaricious,Predatory_H
Ravenous,Predatory_H
Predacious,Predatory_H
Motherly,Predatory_L
Warm,Predatory_L
Affectionate,Predatory_L
Nurturing,Predatory_VL
Maternal,Predatory_VL
Caring,Predatory_VL
Nourishing,Predatory_VL
Malleable,Impressionable_VH
Pliable,Impressionable_H
Obdurate,Impressionable_L
Stubborn,Impressionable_L
Obstinate,Impressionable_L
Intransigent,Impressionable_VL
Willful,Impressionable_VL
Spiritual,Religious_VH
Mystical,Religious_VH
Holy,Religious_VH
Divine,Religious_VH
Godly,Religious_VH
Sacred,Religious_VH
Pious,Religious_H
Devout,Religious_H
Faithful,Religious_H
Pagan,Religious_L
Unbelieving,Religious_L
Worldly,Religious_L
Agnostic,Religious_L
Irreligious,Religious_VL
Atheistic,Religious_VL
Ungodly,Religious_VL
Secular,Religious_VL
Blasphemous,Religious_VL
Impious,Religious_VL
Defensive,Protective_VH
Vigilant,Protective_VH
Watchful,Protective_VH
Shielding,Protective_VH
Sheltering,Protective_VH
Guarding,Protective_VH
Paternal,Protective_H
Patriarchal,Protective_H
Solicitous,Protective_H
Careful,Protective_H
Unconcerned,Protective_L
Unprotecting,Protective_L
Careless,Protective_L
Inattentive,Protective_L
Negligent,Protective_VL
Harmful,Protective_VL
Threatening,Protective_VL
Prompt,Punctual_VH
Exact,Punctual_VH
On time,Punctual_VH
Timely,Punctual_VH
Immediate,Punctual_VH
Precise,Punctual_H
Accurate,Punctual_H
Speedy,Punctual_H
Scrupulous,Punctual_H
Last-minute,Punctual_L
Delayed,Punctual_L
Lagging,Punctual_L
Tardy,Punctual_VL
Late,Punctual_VL
Overdue,Punctual_VL
Efficient,Effective_VH
Productive,Effective_VH
Potent,Effective_VH
Powerful,Effective_VH
Effectual,Effective_H
Influential,Effective_H
Compelling,Effective_H
Ineffective,Effective_L
Inefficient,Effective_L
Unproductive,Effective_L
Useless,Effective_L
Useless,Effective_VL
Fruitless,Effective_VL
Idle,Effective_VL
Obliged,Appreciative_VH
Indebted,Appreciative_VH
Grateful,Appreciative_H
Thankful,Appreciative_H
Ungrateful,Appreciative_L
Unappreciative,Appreciative_L
Unthankful,Appreciative_L
Selfish,Appreciative_L
Thankless,Appreciative_L
Demanding,Appreciative_VL
Dissatisfied,Appreciative_VL
Unappreciative,Appreciative_VL
Self-Centered,Appreciative_VL
Inspired,Rosy_VH
Upbeat,Rosy_VH
Hopeful,Rosy_VH
Encouraged,Rosy_H
Optimistic,Rosy_H
Resigned,Rosy_L
Pessimistic,Rosy_L
Discouraged,Rosy_L
Despairing,Rosy_VL
Bleak,Rosy_VL
Despondent,Rosy_VL
Fatalistic,Rosy_VL
Serene,Calm_VH
Tranquil,Calm_VH
Relaxed,Calm_VH
Leisurely,Calm_VH
Peaceful,Calm_VH
Nonchalant,Calm_VH
Airy,Calm_VH
Easygoing,Calm_VH
Unruffled,Calm_H
Unflustered,Calm_H
Placid,Calm_H
Controlled,Calm_H
Insouciant,Calm_H
Mellow,Calm_H
Casual,Calm_H
Equable,Calm_H
Languid,Calm_H
Moody,Calm_L
Antsy,Calm_L
Restless,Calm_L
Worried,Calm_L
Fidgety,Calm_L
Dismayed,Calm_L
Distressed,Calm_L
Nervous,Calm_VL
Anxious,Calm_VL
Edgy,Calm_VL
Tense,Calm_VL
Skittish,Calm_VL
Neurotic,Calm_VL
Excitable,Calm_VL
Safe,Secure_VH
Confident,Secure_VH
Fearless,Secure_VH
Encouraged,Secure_H
Optimistic,Secure_H
Scared,Secure_L
Frightened,Secure_L
Afraid,Secure_L
Exposed,Secure_VL
Insecure,Secure_VL
Vulnerable,Secure_VL
Fearful,Secure_VL
Terrified,Secure_VL
Serene,Relieved_VH
Tranquil,Relieved_VH
Relaxed,Relieved_VH
Leisurely,Relieved_VH
Peaceful,Relieved_VH
Nonchalant,Relieved_VH
Airy,Relieved_VH
Easygoing,Relieved_VH
Unruffled,Relieved_H
Unflustered,Relieved_H
Placid,Relieved_H
Controlled,Relieved_H
Insouciant,Relieved_H
Mellow,Relieved_H
Casual,Relieved_H
Equable,Relieved_H
Languid,Relieved_H
Moody,Relieved_L
Antsy,Relieved_L
Restless,Relieved_L
Worried,Relieved_L
Fidgety,Relieved_L
Dismayed,Relieved_L
Distressed,Relieved_L
Nervous,Relieved_VL
Anxious,Relieved_VL
Edgy,Relieved_VL
Tense,Relieved_VL
Skittish,Relieved_VL
Neurotic,Relieved_VL
Excitable,Relieved_VL
Euphoric,Glad_VH
Delighted,Glad_VH
Exuberant,Glad_VH
Elated,Glad_VH
Gleeful,Glad_VH
Exhilarated,Glad_VH
Jovial,Glad_VH
Merriment,Glad_VH
Exulted,Glad_VH
Happy,Glad_H
Pleased,Glad_H
Joyful,Glad_H
Jolly,Glad_H
Content,Glad_H
Pleased,Glad_H
Amused,Glad_H
Gay,Glad_H
Cheerful,Glad_H
Annoyed,Glad_L
Bothered,Glad_L
Peeved,Glad_L
Pissed,Glad_L
Irate,Glad_L
Mad,Glad_L
Angry,Glad_L
Disturbed,Glad_VL
Irritated,Glad_VL
Irked,Glad_VL
Livid,Glad_VL
Rage,Glad_VL
Furious,Glad_VL
Euphoric,Euphoric_VH
Delighted,Euphoric_VH
Exuberant,Euphoric_VH
Elated,Euphoric_VH
Gleeful,Euphoric_VH
Exhilarated,Euphoric_VH
Jovial,Euphoric_VH
Merriment,Euphoric_VH
Exulted,Euphoric_VH
Happy,Euphoric_H
Pleased,Euphoric_H
Joyful,Euphoric_H
Jolly,Euphoric_H
Content,Euphoric_H
Pleased,Euphoric_H
Amused,Euphoric_H
Gay,Euphoric_H
Cheerful,Euphoric_H
Unhappy,Euphoric_L
Forlornness,Euphoric_L
Heartache,Euphoric_L
Heartbreak,Euphoric_L
Bummed out,Euphoric_L
Heavy-hearted,Euphoric_L
Crummy,Euphoric_L
Blue,Euphoric_L
Gloomy,Euphoric_L
Sad,Euphoric_L
Melancholy,Euphoric_L
Depressed,Euphoric_VL
Dejected,Euphoric_VL
Despondent,Euphoric_VL
Bad,Euphoric_VL
Dreadful,Euphoric_VL
Terrible,Euphoric_VL
Awful,Euphoric_VL
Weepy,Euphoric_VL
Misery,Euphoric_VL
Greif,Euphoric_VL
Self-pity,Euphoric_VL
Taxed,Burdened_VH
Loaded,Burdened_H
Unburdened,Burdened_L
Unloaded,Burdened_L
Light as a feather,Burdened_VL
Carefree,Burdened_VL
Important,Importance_VH
Critical,Importance_VH
Crucial,Importance_VH
Essential,Importance_VH
Vital,Importance_VH
Necessary,Importance_VH
Significant,Importance_H
Worthy,Importance_H
Worthwhile,Importance_H
Paramount,Importance_H
Meaningful,Importance_H
Unimportant,Importance_L
Trivial,Importance_L
Optional,Importance_L
Small,Importance_L
Insignificant,Importance_VL
Meaningless,Importance_VL
Useless,Importance_VL
Inessential,Importance_VL
Ethical,Honest_VH
Virtuous,Honest_VH
Principled,Honest_VH
Righteous,Honest_H
Wholesome,Honest_H
Dishonest,Honest_L
Unethical,Honest_L
Vile,Honest_L
Wicked,Honest_VL
Sinful,Honest_VL
Admirable,Honorable_VH
Creditable,Honorable_VH
Noble,Honorable_VH
Moral,Honorable_VH
Pure,Honorable_VH
Virtuous,Honorable_VH
Righteous,Honorable_VH
High-minded,Honorable_H
Incorruptible,Honorable_H
Sporting,Honorable_H
Upright,Honorable_H
Dignified,Honorable_H
Stately,Honorable_H
Contemptible,Honorable_L
Devious,Honorable_L
Dirty,Honorable_L
Nihilistic,Honorable_L
Dissolute,Honorable_L
Deplorable,Honorable_VL
Disgraceful,Honorable_VL
Shameful,Honorable_VL
Dishonorable,Honorable_VL
Amoral,Honorable_VL
Detestable,Honorable_VL
Unashamed,Proud_VH
Honored,Proud_VH
Content,Proud_H
Humbled,Proud_L
Meek,Proud_L
Modest,Proud_L
Embarrassed,Proud_VL
Mortified,Proud_VL
Ashamed,Proud_VL
Constant,Loyal_VH
Faithful,Loyal_VH
Devoted,Loyal_VH
Staunch,Loyal_H
Patriotic,Loyal_H
Devout,Loyal_H
Faithless,Loyal_L
0,Loyal_L
Unpatriotic,Loyal_L
Treacherous,Loyal_VL
Disloyal,Loyal_VL
Unfaithful,Loyal_VL
Earnest,Serious_VH
Solemn,Serious_VH
Grave,Serious_VH
Sober,Serious_VH
Humorless,Serious_H
Reverent,Serious_H
Facetious,Serious_L
Irreverent,Serious_L
Droll,Serious_L
Whimsical,Serious_L
Sarcastic,Serious_L
Ironic,Serious_L
Derisive,Serious_L
Snide,Serious_L
Caustic,Serious_L
Giddy,Serious_L
Humorous,Serious_VL
Silly,Serious_VL
Lighthearted,Serious_VL
Carefree,Serious_VL
Playful,Serious_VL
Frivolous,Serious_VL
Flippant,Serious_VL
Risk,Cautious_VH
Averse,Cautious_VH
Cautious,Cautious_VH
Cowardly,Cautious_H
Apprehensive,Cautious_H
Bold,Cautious_L
Reckless,Cautious_L
Gutsy,Cautious_L
Fearless,Cautious_L
Daring,Cautious_VL
Risky,Cautious_VL
Audacious,Cautious_VL
Courageous,Cautious_VL
fortuitous,Luck_VH
opportune,Luck_VH
auspicious,Luck_VH
charmed,Luck_VH
blessed,Luck_VH
favored,Luck_VH
advantageous,Luck_H
hit it big,Luck_H
serendipitous,Luck_H
prosperous,Luck_H
inopportune,Luck_L
unsuccessful,Luck_L
unpropitious,Luck_L
unlucky,Luck_VL
bad,Luck_VL
unfortunate,Luck_VL
inopportune,Luck_VL
Shy,Timid_VH
Sheepish,Timid_VH
Unaggressive,Timid_VH
Laid back,Timid_H
Easy going,Timid_H
Complaisant,Timid_H
Antagonistic,Timid_L
Hot-tempered,Timid_L
Rebellious,Timid_L
Defiant,Timid_L
Cantankerous,Timid_L
Disputatious,Timid_L
Aggressive,Timid_VL
Quarrelsome,Timid_VL
Pugnacious,Timid_VL
Combative,Timid_VL
Contentious,Timid_VL
Belligerent,Timid_VL
Altruistic,Generous_VH
Humanitarian,Generous_VH
Philanthropic,Generous_VH
Selfless,Generous_VH
Giving,Generous_VH
Charitable,Generous_VH
Magnanimous,Generous_H
Munificent,Generous_H
Unselfish,Generous_H
Beneficent,Generous_H
Bighearted,Generous_H
Accommodating,Generous_H
Sharing,Generous_H
Hedonistic,Generous_L
Self-indulgent,Generous_L
Selfish,Generous_VL
Egocentric,Generous_VL
Greedy,Generous_VL
Humble,Modest_VH
Meek,Modest_VH
Unassuming,Modest_VH
Deferential,Modest_H
Self-effacing,Modest_H
Haughty,Modest_L
Cocky,Modest_L
Pretentious,Modest_L
Affected,Modest_L
Conceited,Modest_VL
Boastful,Modest_VL
Vain,Modest_VL
Narcissistic,Modest_VL
Arrogant,Modest_VL
Amusing,Interesting_VH
Entertaining,Interesting_VH
Engrossing,Interesting_VH
Fascinating,Interesting_VH
Riveting,Interesting_VH
Gripping,Interesting_H
Fun,Interesting_H
Enjoyable,Interesting_H
Monotonous,Interesting_L
Dry,Interesting_L
Insipid,Interesting_L
Plain,Interesting_L
Boring,Interesting_VL
Dull,Interesting_VL
Bland,Interesting_VL
Uninteresting,Interesting_VL
alluring,Beauty_VH
dazzling,Beauty_VH
lovely,Beauty_VH
splendid,Beauty_VH
stunning,Beauty_VH
gorgeous,Beauty_VH
appealing,Beauty_H
cute,Beauty_H
pretty,Beauty_H
pleasing,Beauty_H
good-looking,Beauty_H
fine,Beauty_H
awkward,Beauty_L
coarse,Beauty_L
inelegant,Beauty_L
insignificant,Beauty_L
uncouth,Beauty_L
dull,Beauty_L
horrible,Beauty_VL
inferior,Beauty_VL
offensive,Beauty_VL
repulsive,Beauty_VL
ugly,Beauty_VL
hideous,Beauty_VL
grotesque,Beauty_VL
disgusting,Beauty_VL
Amusing,Interesting_VH
Entertaining,Interesting_VH
Engrossing,Interesting_VH
Fascinating,Interesting_VH
Riveting,Interesting_VH
Captivating,Interesting_VH
Enthralling,Interesting_VH
Intriguing,Interesting_VH
Gripping,Interesting_H
Fun,Interesting_H
Enjoyable,Interesting_H
Compelling,Interesting_H
Monotonous,Interesting_L
Dry,Interesting_L
Insipid,Interesting_L
Plainous,Interesting_L
Boring,Interesting_VL
Dull,Interesting_VL
Bland,Interesting_VL
Uninteresting,Interesting_VL
Avant-garde,New_VH
Cutting-edge,New_VH
State-of-the-Art,New_VH
New,New_VH
Newfangled,New_VH
Current,New_H
Contemporary,New_H
Modern,New_H
Old,New_L
Antiquated,New_L
Ancient,New_VL
Quick-witted,Intelligent_VH
Sharp,Intelligent_VH
Bright,Intelligent_VH
Quick,Intelligent_VH
Keen,Intelligent_VH
Brilliant,Intelligent_VH
Smart,Intelligent_VH
Intellectual,Intelligent_VH
Clever,Intelligent_VH
Ingenious,Intelligent_VH
Incisive,Intelligent_H
Intelligent,Intelligent_H
Shrewd,Intelligent_H
Astute,Intelligent_H
Insightful,Intelligent_H
Perceptive,Intelligent_H
Discerning,Intelligent_H
Cerebral,Intelligent_H
Brainy,Intelligent_H
Witty,Intelligent_H
Dense,Intelligent_L
Foolish,Intelligent_L
Slow,Intelligent_L
Simpleminded,Intelligent_L
Obtuse,Intelligent_L
Stupid,Intelligent_VL
Unintelligent,Intelligent_VL
Dimwitted,Intelligent_VL
celebrated,Admired_VH
prominent,Admired_VH
beloved,Admired_VH
mainstream,Admired_VH
famous,Admired_VH
lovable,Admired_H
likable,Admired_H
preferred,Admired_H
sought-after,Admired_H
favored,Admired_H
unfashionable,Admired_L
obscure,Admired_L
different,Admired_L
disliked,Admired_L
Aversion,Admired_L
Disapproval,Admired_L
unpopular,Admired_VL
unknown,Admired_VL
Revulsion,Admired_VL
Repugnance,Admired_VL
Abhorred,Admired_VL
Shunned,Admired_VL
Despised,Admired_VL
Ostracized,Admired_VL
amiable,Loving_VH
affectionate,Loving_VH
loving,Loving_VH
sympathetic,Loving_VH
compassionate,Loving_VH
considerate,Loving_VH
Warm,Loving_VH
Hospitable,Loving_VH
Cordial,Loving_VH
Agreeable,Loving_VH
tolerant,Loving_H
Brotherly,Loving_H
Friendly,Loving_H
Likeable,Loving_H
gentle,Loving_H
kindhearted,Loving_H
thoughtful,Loving_H
antagonistic,Loving_L
disagreeable,Loving_L
harsh,Loving_L
thoughtless,Loving_L
Bitter,Loving_L
Unfriendly,Loving_L
Contentious,Loving_L
cruel,Loving_VL
evil,Loving_VL
violent,Loving_VL
hateful,Loving_VL
disliking,Loving_VL
cold,Loving_VL
Nasty,Loving_VL
Mean,Loving_VL
Belligerent,Loving_VL
Empathetic,Compassionate_VH
Considerate,Compassionate_VH
Sympathetic,Compassionate_VH
Thoughtful,Compassionate_VH
Caring,Compassionate_VH
Solicitous,Compassionate_H
Sensitive,Compassionate_H
Understanding,Compassionate_H
Humane,Compassionate_H
Cruel,Compassionate_L
Brutish,Compassionate_L
Barbaric,Compassionate_L
Sadistic,Compassionate_L
Malevolent,Compassionate_L
Brutal,Compassionate_VL
Evil,Compassionate_VL
Savage,Compassionate_VL
Fierce,Compassionate_VL
Violent,Compassionate_VL
Ferocious,Compassionate_VL
Included,Included_VH
Permitted,Included_VH
Allowed,Included_H
Approved,Included_H
Disallowed,Included_L
Excluded,Included_L
Disapproved,Included_VL
Rejected,Included_VL
Self-assured,Confident_VH
Decisive,Confident_VH
Resolute,Confident_VH
Secure,Confident_VH
Uninhibited,Confident_VH
Crisp,Confident_VH
Certain,Confident_VH
Composed,Confident_H
Level-Headed,Confident_H
Unflappable,Confident_H
Poised,Confident_H
Retiring,Confident_L
Self-conscious,Confident_L
Hesitant,Confident_L
Uncertain,Confident_L
Unsure,Confident_VL
Unconfident,Confident_VL
Insecure,Confident_VL
Shy,Confident_VL
Bashful,Confident_VL
Diffident,Confident_VL
Indecisive,Confident_VL
Inhibited,Confident_VL
Patient,Hesitant_VH
Allowed,Hesitant_H
Approved,Hesitant_H
Impatient,Hesitant_L
Wanting,Hesitant_L
Eager,Hesitant_VL
refined,Civilized_VH
seasoned,Civilized_VH
worldly,Civilized_VH
complicated,Civilized_VH
intricate,Civilized_VH
Cultured,Civilized_VH
schooled,Civilized_H
experienced,Civilized_H
Tame,Civilized_H
Controlled,Civilized_H
inexperienced,Civilized_L
excited,Civilized_L
uncool,Civilized_L
unrefined,Civilized_L
Barbarian,Civilized_VL
Savage,Civilized_VL
uncultured,Civilized_VL
Wild,Civilized_VL
Uncivilized,Civilized_VL
Frail,Dainty_VH
Fragile,Dainty_VH
Delicate,Dainty_VH
Weak,Dainty_VH
Feeble,Dainty_VH
Helpless,Dainty_VH
Inadequate,Dainty_VH
Meager,Dainty_H
Lacking,Dainty_H
Deficient,Dainty_H
Tender,Dainty_H
Powerless,Dainty_H
Defenseless,Dainty_H
Able,Dainty_L
Capable,Dainty_L
Forceful,Dainty_L
Strong,Dainty_VL
Powerful,Dainty_VL
Rugged,Dainty_VL
Tough,Dainty_VL
Liberated,Free_VH
sovereign,Free_H
Ambushed,Free_L
Cornered,Free_L
Captured,Free_VL
Trapped,Free_VL
Blamed,Accused_VH
Implicated,Accused_H
Pardoned,Accused_L
Excused,Accused_L
Cleared,Accused_L
Forgiven,Accused_VL
Vindicated,Accused_VL
Absolved,Accused_VL
Exonerated,Accused_VL
Chosen,Advantaged_VH
Favored,Advantaged_VH
Blessed,Advantaged_VH
Entitled,Advantaged_VH
Empowered,Advantaged_VH
Preferred,Advantaged_H
Advantaged,Advantaged_H
Privileged,Advantaged_H
Limited,Advantaged_L
Constrained,Advantaged_L
Impeded,Advantaged_L
Disadvantaged,Advantaged_L
Disfavored,Advantaged_L
Encumbered,Advantaged_L
Hampered,Advantaged_VL
Stymied,Advantaged_VL
Restrained,Advantaged_VL
Impaired,Advantaged_VL
Restricted,Advantaged_VL
Handicapped,Advantaged_VL
Hindered,Advantaged_VL
Blocked,Advantaged_VL
civil,Fair_VH
equal,Fair_VH
courteous,Fair_VH
honorable,Fair_VH
legitimate,Fair_VH
objective,Fair_VH
trustworthy,Fair_H
unbiased,Fair_H
frank,Fair_H
just,Fair_H
straightforward,Fair_H
disproportionate,Fair_L
partial,Fair_L
unreliable,Fair_L
subjective,Fair_L
prejudiced,Fair_VL
biased,Fair_VL
devious,Fair_VL
illegitimate,Fair_VL
unfair,Fair_VL
deceitful,Fair_VL
Abandoned,Isolated_VH
Secluded,Isolated_VH
Lonely,Isolated_VH
Empty,Isolated_VH
Unsocial,Isolated_H
Distant,Isolated_H
Withdrawn,Isolated_H
Removed,Isolated_H
Detached,Isolated_H
Social,Isolated_L
Neighborly,Isolated_L
Belonging,Isolated_L
Comfortableness,Isolated_VL
Togetherness,Isolated_VL
Closeness,Isolated_VL
Compatible,Comfortable_VH
At Ease,Comfortable_VH
Harmonious,Comfortable_VH
Agreeable,Comfortable_H
Matched,Comfortable_H
Fitting,Comfortable_H
Out of place,Comfortable_L
Mismatched,Comfortable_L
Incompatible,Comfortable_VL
Uncomfortable,Comfortable_VL
always,Frequency _VH
constantly,Frequency _VH
every,Frequency _VH
often,Frequency_H
usually,Frequency_H
frequently,Frequency_H
occasionally,Frequency_L
seldom,Frequency_L
sometimes,Frequency_L
on occasion,Frequency_L
every once in a while,Frequency_L
rarely,Frequency_VL
infrequently,Frequency_VL
ancient,Age _VH
elderly,Age _VH
venerable,Age _VH
veteran,Age _VH
fossil,Age _VH
geriatric,Age _VH
old,Age_H
aged,Age_H
senior,Age_H
seasoned,Age_H
young,Age_L
junior,Age_L
juvenile,Age_L
child,Age_L
childlike,Age_L
fledgling,Age_L
youthful,Age_L
adolescent,Age_L
new,Age_L
infant,Age_VL
newborn,Age_VL
blooming,Age_VL
blossoming,Age_VL
brand new,Age_VL
seasoned,Experience _VH
old hand,Experience _VH
veteran,Experience _VH
professional,Experience _VH
expert,Experience _VH
experienced,Experience_H
accomplished,Experience_H
sophisticated,Experience_H
beginner,Experience_L
novice,Experience_L
amateur,Experience_L
rookie,Experience_L
starter,Experience_L
green,Experience_VL
fledgling,Experience_VL
expert,Capability _VH
crackerjack,Capability _VH
master,Capability _VH
masterful,Capability _VH
accomplished,Capability_H
proficient,Capability_H
unskilled,Capability_L
inept,Capability_VL
unable,Capability_VL
ingenious,Knowledge _VH
brainy,Knowledge _VH
wise,Knowledge _VH
brilliant,Knowledge _VH
intelligent,Knowledge _VH
smart,Knowledge_H
rational,Knowledge_H
sharp,Knowledge_H
bright,Knowledge_H
keen,Knowledge_H
dull,Knowledge_L
stupid,Knowledge_L
resourceful,Knowledge_L
foolish,Knowledge_VL
idiotic,Knowledge_VL
uneducated,Knowledge_VL
definite,Distinctness _VH
one-of-a-kind,Distinctness _VH
unmistakable,Distinctness _VH
specific,Distinctness _VH
unique,Distinctness _VH
recognizable,Distinctness_H
evident,Distinctness_H
particular,Distinctness_H
special,Distinctness_H
resembling,Distinctness_L
undefined,Distinctness_L
similar,Distinctness_L
alike,Distinctness_VL
same,Distinctness_VL
uniform,Distinctness_VL
indistinct,Distinctness_VL
celebrated,Popularity _VH
prominent,Popularity _VH
beloved,Popularity _VH
mainstream,Popularity _VH
famous,Popularity _VH
lovable,Popularity_H
likable,Popularity_H
preferred,Popularity_H
sought-after,Popularity_H
favored,Popularity_H
unfashionable,Popularity_L
obscure,Popularity_L
different,Popularity_L
unpopular,Popularity_VL
disliked,Popularity_VL
unknown,Popularity_VL
refined,Sophistication _VH
seasoned,Sophistication _VH
worldly,Sophistication _VH
complicated,Sophistication _VH
intricate,Sophistication _VH
cool,Sophistication_H
schooled,Sophistication_H
in-the-know,Sophistication_H
experienced,Sophistication_H
inexperienced,Sophistication_L
excited,Sophistication_L
uncool,Sophistication_L
unrefined,Sophistication_L
slow,Sophistication_VL
simple,Sophistication_VL
naive,Sophistication_VL
uncultured,Sophistication_VL
common,Known _VH
established,Known _VH
accepted,Known _VH
celebrated,Known _VH
obvious,Known _VH
recognized,Known_H
published,Known_H
familiar,Known_H
acknowledged,Known_H
unclear,Known_L
vague,Known_L
ambiguous,Known_L
homogeneous,Unity _VH
unified,Unity _VH
integrated,Unity _VH
consolidated,Unity _VH
affiliated,Unity _VH
linked,Unity_H
associated,Unity_H
incorporated,Unity_H
pooled,Unity_H
collective,Unity_H
conjunctive,Unity_H
branched,Unity_L
split,Unity_L
unattached,Unity_L
incomplete,Unity_L
divided,Unity_VL
separate,Unity_VL
uncoordinated,Unity_VL
civil,Fair _VH
equal,Fair _VH
courteous,Fair _VH
honorable,Fair _VH
legitimate,Fair _VH
objective,Fair _VH
trustworthy,Fair_H
unbiased,Fair_H
frank,Fair_H
just,Fair_H
straightforward,Fair_H
disproportionate,Fair_L
partial,Fair_L
unreliable,Fair_L
subjective,Fair_L
prejudiced,Fair_VL
biased,Fair_VL
devious,Fair_VL
illegitimate,Fair_VL
unfair,Fair_VL
deceitful,Fair_VL
effective,Usefulness _VH
favorable,Usefulness _VH
handy,Usefulness _VH
helpful,Usefulness _VH
pragmatic,Usefulness _VH
practical,Usefulness _VH
appropriate,Usefulness_H
convenient,Usefulness_H
purposive,Usefulness_H
suitable,Usefulness_H
good,Usefulness_H
awkward,Usefulness_L
inappropriate,Usefulness_L
unsuited,Usefulness_L
worthless,Usefulness_VL
disadvantageous,Usefulness_VL
improper,Usefulness_VL
unhelpful,Usefulness_VL
adjacent,Proximity _VH
touching,Proximity _VH
contiguity,Proximity _VH
immediacy,Proximity _VH
juxtaposition,Proximity_H
togetherness,Proximity_H
closeness,Proximity_H
distance,Proximity_L
remoteness,Proximity_VL
worlds apart,Proximity_VL
akin,Similarity _VH
analogous,Similarity _VH
related,Similarity _VH
identical,Similarity _VH
cloned,Similarity _VH
homogeneous,Similarity _VH
comparable,Similarity_H
coinciding,Similarity_H
matching,Similarity_H
parallel,Similarity_H
dissimilar,Similarity_L
disconnected,Similarity_L
unrelated,Similarity_L
alien,Similarity_VL
different,Similarity_VL
opposite,Similarity_VL
unalike,Similarity_VL
lively,Health _VH
robust,Health _VH
strong,Health _VH
agile,Health _VH
dextrous,Health _VH
tough,Health _VH
fit,Health _VH
flourishing,Health _VH
hearty,Health_H
athletic,Health_H
active,Health_H
fresh,Health_H
hardy,Health_H
blooming,Health_H
ailing,Health_L
weak,Health_L
fragile,Health_L
worn,Health_L
feeble,Health_VL
lazy,Health_VL
lifeless,Health_VL
unhealthy,Health_VL
weak,Health_VL
sick,Health_VL
diseased,Health_VL
success,Prosperity _VH
wealth,Prosperity _VH
rich,Prosperity _VH
welfare,Prosperity _VH
abundance,Prosperity _VH
luxury,Prosperity _VH
opulence,Prosperity _VH
plenty,Prosperity_H
growth,Prosperity_H
fortune,Prosperity_H
advantage,Prosperity_H
good,Prosperity_H
lessening,Prosperity_L
shrinkage,Prosperity_L
disadvantage,Prosperity_L
decrease,Prosperity_L
poorness,Prosperity_VL
poverty,Prosperity_VL
failure,Prosperity_VL
loss,Prosperity_VL
stagnation,Prosperity_VL
extravagant,Cost _VH
overpriced,Cost _VH
lavish,Cost _VH
valuable,Cost _VH
costly,Cost _VH
expensive,Cost _VH
swank,Cost_H
uneconomical,Cost_H
premium,Cost_H
fancy,Cost_H
economical,Cost_L
reasonable,Cost_L
unimportant,Cost_L
cheap,Cost_VL
low-priced,Cost_VL
inexpensive,Cost_VL
worthless,Cost_VL
fitting,Appropriateness _VH
apt,Appropriateness _VH
applicable,Appropriateness _VH
opportune,Appropriateness _VH
good,Appropriateness _VH
proper,Appropriateness _VH
belonging,Appropriateness _VH
fit,Appropriateness_H
right,Appropriateness_H
1,Appropriateness_H
correct,Appropriateness_H
seemly,Appropriateness_H
incorrect,Appropriateness_L
misbehaving,Appropriateness_L
unsuitable,Appropriateness_L
unfit,Appropriateness_L
improper,Appropriateness_VL
evil,Appropriateness_VL
inappropriate,Appropriateness_VL
irrelevant,Appropriateness_VL
liable,Responsible _VH
accountable,Responsible _VH
bound,Responsible _VH
authoritative,Responsible _VH
culpable,Responsible _VH
trustworthy,Responsible _VH
reliable,Responsible_H
capable,Responsible_H
conscientious,Responsible_H
effective,Responsible_H
loyal,Responsible_H
rational,Responsible_H
sensible,Responsible_H
impotent,Responsible_L
incapable,Responsible_L
unable,Responsible_L
weak,Responsible_L
unrealistic,Responsible_L
irresponsible,Responsible_VL
untrustworthy,Responsible_VL
useless,Responsible_VL
ineffective,Responsible_VL
alluring,Beauty _VH
dazzling,Beauty _VH
lovely,Beauty _VH
splendid,Beauty _VH
stunning,Beauty _VH
gorgeous,Beauty _VH
appealing,Beauty_H
cute,Beauty_H
pretty,Beauty_H
pleasing,Beauty_H
good-looking,Beauty_H
fine,Beauty_H
awkward,Beauty_L
coarse,Beauty_L
inelegant,Beauty_L
insignificant,Beauty_L
uncouth,Beauty_L
dull,Beauty_L
horrible,Beauty_VL
inferior,Beauty_VL
offensive,Beauty_VL
repulsive,Beauty_VL
ugly,Beauty_VL
hideous,Beauty_VL
grotesque,Beauty_VL
disgusting,Beauty_VL
amiable,Kindness _VH
affectionate,Kindness _VH
loving,Kindness _VH
sympathetic,Kindness _VH
compassionate,Kindness _VH
considerate,Kindness _VH
tolerant,Kindness_H
friendly,Kindness_H
gentle,Kindness_H
kindhearted,Kindness_H
thoughtful,Kindness_H
antagonistic,Kindness_L
disagreeable,Kindness_L
harsh,Kindness_L
thoughtless,Kindness_L
cruel,Kindness_VL
evil,Kindness_VL
violent,Kindness_VL
hateful,Kindness_VL
disliking,Kindness_VL
cold,Kindness_VL
attentive,Awareness _VH
receptive,Awareness _VH
familiar,Awareness _VH
cognizant,Awareness _VH
alert,Awareness _VH
knowing,Awareness _VH
awake,Awareness_H
conscious,Awareness_H
informed,Awareness_H
mindful,Awareness_H
in the know,Awareness_H
unfamiliar,Awareness_L
heedless,Awareness_L
inattentive,Awareness_L
uninformed,Awareness_L
unconscious,Awareness_VL
ignorant,Awareness_VL
unknowledgeable,Awareness_VL
unaware,Awareness_VL
precise,Accuracy _VH
correct,Accuracy _VH
definite,Accuracy _VH
exact,Accuracy _VH
systematic,Accuracy _VH
strict,Accuracy _VH
scrupulous,Accuracy _VH
authentic,Accuracy_H
careful,Accuracy_H
1,Accuracy_H
irrefutable,Accuracy_H
valid,Accuracy_H
careless,Accuracy_L
erroneous,Accuracy_L
faulty,Accuracy_L
mistaken,Accuracy_L
questionable,Accuracy_L
0,Accuracy_VL
dishonest,Accuracy_VL
misleading,Accuracy_VL
counterfeit,Accuracy_VL
valuable,Importance _VH
substantial,Importance _VH
essential,Importance _VH
imperative,Importance _VH
vital,Importance _VH
urgent,Importance _VH
necessary,Importance _VH
meaningful,Importance_H
serious,Importance_H
significant,Importance_H
importunate,Importance_H
momentous,Importance_H
secondary,Importance_L
minor,Importance_L
optional,Importance_L
voluntary,Importance_L
unnecessary,Importance_L
meaningless,Importance_VL
trivial,Importance_VL
useless,Importance_VL
worthless,Importance_VL
tiny,Importance_VL
fortuitous,Luck _VH
auspicious,Luck _VH
opportune,Luck _VH
charmed,Luck _VH
blessed,Luck _VH
favored,Luck _VH
advantageous,Luck_H
hit it big,Luck_H
serendipitous,Luck_H
prosperous,Luck_H
inopportune,Luck_L
unsuccessful,Luck_L
unpropitious,Luck_L
unlucky,Luck_VL
bad,Luck_VL
unfortunate,Luck_VL
inopportune,Luck_VL
truthful,Truth _VH
factual,Truth _VH
candid,Truth _VH
realistic,Truth _VH
precise,Truth _VH
sincere,Truth _VH
straightforward,Truth _VH
correct,Truth_H
faithful,Truth_H
just,Truth_H
frank,Truth_H
literal,Truth_H
believable,Truth_H
deceitful,Truth_L
devious,Truth_L
imprecise,Truth_L
inaccurate,Truth_L
unreliable,Truth_L
untruthful,Truth_VL
lying,Truth_VL
hypocritical,Truth_VL
dishonest,Truth_VL
alluring,Interesting _VH
fascinating,Interesting _VH
intriguing,Interesting _VH
fascinating,Interesting _VH
striking,Interesting _VH
thought-provoking,Interesting _VH
amusing,Interesting_H
delightful,Interesting_H
impressive,Interesting_H
pleasing,Interesting_H
compelling,Interesting_H
familiar,Interesting_L
homely,Interesting_L
ordinary,Interesting_L
normal,Interesting_L
boring,Interesting_VL
unimpressive,Interesting_VL
usual,Interesting_VL
unstimulating,Interesting_VL
disenchanting,Interesting_VL
burdensome,Difficulty _VH
demanding,Difficulty _VH
laborious,Difficulty _VH
problematic,Difficulty _VH
strenuous,Difficulty _VH
tough,Difficulty _VH
troublesome,Difficulty _VH
effortful,Difficulty_H
irritating,Difficulty_H
hard,Difficulty_H
uphill,Difficulty_H
intricate,Difficulty_H
prohibitive,Difficulty_H
manageable,Difficulty_L
straightforward,Difficulty_L
uncomplicated,Difficulty_L
calm,Difficulty_L
easy,Difficulty_VL
effortless,Difficulty_VL
facile,Difficulty_VL
trivial,Difficulty_VL
plain,Difficulty_VL
simple,Difficulty_VL
aggressive,Competitive _VH
ambitious,Competitive _VH
cutthroat,Competitive _VH
combative,Competitive _VH
rival,Competitive _VH
at odds,Competitive_H
dog-eat-dog,Competitive_H
killer,Competitive_H
opposing,Competitive_H
unambitious,Competitive_L
Competitive_VL,noncompetitive
aim,Premeditation _VH
deisgn,Premeditation _VH
intent,Premeditation _VH
goal,Premeditation _VH
plan,Premeditation _VH
plot,Premeditation _VH
purpose,Premeditation _VH
anticipation,Premeditation_H
care,Premeditation_H
carefulness,Premeditation_H
premeditation,Premeditation_H
accidental,Premeditation_L
unplanned,Premeditation_L
casual,Premeditation_L
impulsive,Premeditation_L
extemporaneous,Premeditation_VL
inadvertent,Premeditation_VL
spontaneous,Premeditation_VL
involuntary,Premeditation_VL
applicable,Relevance _VH
appropriate,Relevance _VH
germane,Relevance _VH
pertinent,Relevance _VH
important,Relevance _VH
apt,Relevance _VH
fitting,Relevance_H
meaningful,Relevance_H
proper,Relevance_H
related,Relevance_H
suitable,Relevance_H
material,Relevance_H
foreign,Relevance_L
unsuitable,Relevance_L
unconnected,Relevance_L
unimportant,Relevance_L
irrelevant,Relevance_VL
innapropriate,Relevance_VL
inapplicable,Relevance_VL
trivial,Relevance_VL
extraneous,Relevance_VL
significant,Importance _VH
momentous,Importance _VH
crucial,Importance _VH
critical,Importance _VH
essential,Importance _VH
vital,Importance _VH
notable,Importance_H
consequential,Importance_H
major,Importance_H
noteworthy,Importance_H
prominent,Importance_H
influential,Importance_H
serious,Importance_H
small,Importance_L
slight,Importance_L
worthless,Importance_L
paltry,Importance_L
unimportant,Importance_VL
insignificant,Importance_VL
unknown,Importance_VL
inappreciable,Importance_VL
trivial,Importance_VL
theatrical,Dramatic _VH
striking,Dramatic _VH
sensational,Dramatic _VH
spectacular,Dramatic _VH
impressive,Dramatic _VH
expressive,Dramatic_H
eyecatching,Dramatic_H
emotional,Dramatic_H
vivid,Dramatic_H
impactful,Dramatic_H
moving,Dramatic_H
normal,Dramatic_L
unassuming,Dramatic_L
unpretentious,Dramatic_L
commonplace,Dramatic_L
unaffected,Dramatic_L
ordinary,Dramatic_VL
boring,Dramatic_VL
modest,Dramatic_VL
natural,Dramatic_VL
stoic,Dramatic_VL
articulate,Articulation _VH
clear,Articulation _VH
eloquent,Articulation _VH
fluent,Articulation _VH
expressive,Articulation _VH
vocal,Articulation _VH
smooth,Articulation_H
intelligible,Articulation_H
lucid,Articulation_H
loquacious,Articulation_H
inarticulate,Articulation_L
indistinct,Articulation_L
dumb,Articulation_VL
incoherent,Articulation_VL
unclear,Articulation_VL
reasonable,Rational _VH
sensible,Rational _VH
sound,Rational _VH
sane,Rational _VH
judicious,Rational _VH
wise,Rational _VH
logical,Rational _VH
intellectual,Rational_H
prudent,Rational_H
enlightened,Rational_H
well-versed,Rational_H
practical,Rational_H
unreasonable,Rational_L
foolish,Rational_L
irrational,Rational_L
unrealistic,Rational_L
crazy,Rational_VL
absurd,Rational_VL
mad,Rational_VL
loony,Rational_VL
insane,Rational_VL
ridiculous,Rational_VL
complicated,Complexity _VH
intricate,Complexity _VH
difficult,Complexity _VH
hard,Complexity _VH
involved,Complexity _VH
elaborate,Complexity_H
compound,Complexity_H
composite,Complexity_H
sophisticated,Complexity_H
tricky,Complexity_H
apparent,Complexity_L
evident,Complexity_L
uncomplicated,Complexity_L
uniform,Complexity_L
basic,Complexity_VL
easy,Complexity_VL
simple,Complexity_VL
plain,Complexity_VL
clear,Complexity_VL
obvious,Complexity_VL
homogeneous,Complexity_VL
collide,Bump_VH
slam,Bump_VH
bash,Bump_VH
smash,Bump_VH
hammer,Bump_VH
squash,Bump_VH
crack,Bump_H
crash,Bump_H
crunch,Bump_H
smack,Bump_H
bang,Bump_H
ram,Bump_H
strike,Bump_H
slap,Bump_L
clatter,Bump_L
butt,Bump_L
clang,Bump_L
clash,Bump_L
thump,Bump_L
brush,Bump_VL
bump,Bump_VL
knock,Bump_VL
rap,Bump_VL
crack,Break_VH
crash,Break_VH
rend,Break_VH
shatter,Break_VH
smash,Break_VH
break,Break_H
cleave,Break_H
crush,Break_H
shred,Break_H
tear,Break_H
dissolve,Break_L
fracture,Break_L
rip,Break_L
snap,Break_L
split,Break_L
chip,Break_VL
fragment,Break_VL
sliver,Break_VL
splinter,Break_VL
shove,Push_VH
thrust,Push_VH
push,Push_H
squeeze,Push_H
press,Push_L
jostle,Push_VL
nudge,Push_VL
bludgeon,Spank_VH
clobber,Spank_VH
cudgel,Spank_VH
flog,Spank_VH
gash,Spank_VH
knife,Spank_VH
slam,Spank_VH
thrash,Spank_VH
wallop,Spank_VH
whip,Spank_VH
bayonet,Spank_H
cane,Spank_H
club,Spank_H
crack,Spank_H
crunch,Spank_H
knee,Spank_H
paddle,Spank_H
pummel,Spank_H
sock,Spank_H
stab,Spank_H
truncheon,Spank_H
bump,Spank_L
elbow,Spank_L
paddywhack,Spank_L
spank,Spank_L
thump,Spank_L
horsewhip,Spank_L
biff,Spank_VL
conk,Spank_VL
cosh,Spank_VL
whisk,Spank_VL
asphyxiate,Suffocate_VH
suffocate,Suffocate_VH
choke,Suffocate_H
drown,Suffocate_H
starve,Suffocate_L
stifle,Suffocate_VL
claw,Swat_VH
slug,Swat_VH
bite,Swat_H
chop,Swat_H
slice,Swat_H
stab,Swat_H
kick,Swat_L
punch,Swat_L
swipe,Swat_L
paw,Swat_VL
peck,Swat_VL
scratch,Swat_VL
swat,Swat_VL
smite,Hit_VH
bash,Hit_VH
whack,Hit_H
squash,Hit_H
bang,Hit_H
thwack,Hit_L
thump,Hit_L
click,Hit_VL
catapult,Throw_VH
launch,Throw_VH
hurl,Throw_VH
bash,Throw_VH
smash,Throw_VH
punt,Throw_H
sling,Throw_H
pitch,Throw_H
chuck,Throw_H
bat,Throw_H
fire,Throw_H
hit,Throw_H
kick,Throw_L
throw,Throw_L
pass,Throw_L
bunt,Throw_L
flick,Throw_L
fling,Throw_L
flip,Throw_L
boot,Throw_L
tip,Throw_VL
toss,Throw_VL
lob,Throw_VL
loft,Throw_VL
knock,Throw_VL
nudge,Throw_VL
tap,Throw_VL
bombard,Pelt_VH
pelt,Pelt_H
shell,Pelt_H
stone,Pelt_H
shower,Pelt_L
annihilate,Destroy_VH
decimate,Destroy_VH
demolish,Destroy_VH
exterminate,Destroy_VH
obliterate,Destroy_VH
raze,Destroy_VH
blight,Destroy_H
blitz,Destroy_H
desecrate,Destroy_H
devastate,Destroy_H
efface,Destroy_H
level,Destroy_H
mutilate,Destroy_H
ravage,Destroy_H
disfigure,Destroy_L
maim,Destroy_L
ruin,Destroy_L
shipwreck,Destroy_L
smoke,Destroy_L
vaporize,Destroy_L
wrack,Destroy_L
wreck,Destroy_L
damage,Destroy_VL
rack,Destroy_VL
undo,Destroy_VL
unmake,Destroy_VL
waste,Destroy_VL
shatter,Destroy_VL
burn,Pain_VH
wrench,Pain_VH
hurt,Pain_H
pain,Pain_H
ail,Pain_L
bother,Pain_VL
itch,Pain_VL
burn,Tingle_VH
palpitate,Tingle_H
pound,Tingle_H
sting,Tingle_H
ache,Tingle_L
prickle,Tingle_L
split,Tingle_L
throb,Tingle_L
pucker,Tingle_VL
spin,Tingle_VL
tickle,Tingle_VL
tingle,Tingle_VL
sprain,Hurt_VH
break,Hurt_VH
burn,Hurt_VH
scald,Hurt_VH
skin,Hurt_VH
tear,Hurt_H
splinter,Hurt_H
rupture,Hurt_H
fracture,Hurt_H
bite,Hurt_H
cut,Hurt_H
twist,Hurt_L
split,Hurt_L
chip,Hurt_L
bruise,Hurt_L
contuse,Hurt_L
hurt,Hurt_L
injure,Hurt_L
strain,Hurt_L
sunburn,Hurt_L
turn,Hurt_VL
pull,Hurt_VL
bump,Hurt_VL
nick,Hurt_VL
prick,Hurt_VL
scratch,Hurt_VL
wrench,Hurt_VL
hunt,Hunt_VH
scrounge,Hunt_VH
mine,Hunt_H
poach,Hunt_H
dig,Hunt_L
fish,Hunt_L
pan,Hunt_L
feel,Hunt_VL
seek,Hunt_VL
dredge,Search_VH
excavate,Search_VH
prowl,Search_VH
quarry,Search_VH
comb,Search_H
dive,Search_H
probe,Search_H
prospect,Search_H
scavenge,Search_H
scour,Search_H
patrol,Search_L
rake,Search_L
scout,Search_L
search,Search_L
sift,Search_L
sweep,Search_L
check,Search_VL
rifle,Search_VL
shop,Search_VL
troll,Search_VL
trawl,Search_VL
watch,Search_VL
investigate,Investigate_VH
raid,Investigate_VH
ransack,Investigate_VH
survey,Investigate_VH
inspect,Investigate_H
rifle,Investigate_H
scan,Investigate_H
scrutinize,Investigate_H
tap,Investigate_H
explore,Investigate_L
examine,Investigate_L
monitor,Investigate_L
surveil,Investigate_L
test,Investigate_L
frisk,Investigate_VL
observe,Investigate_VL
tunnel,Rummage_VH
bore,Rummage_H
burrow,Rummage_H
forage,Rummage_H
thumb,Rummage_H
snoop,Rummage_H
page,Rummage_H
grope,Rummage_L
rifle,Rummage_L
rummage,Rummage_L
delve,Rummage_L
listen,Rummage_L
look,Rummage_L
scratch,Rummage_L
paw,Rummage_VL
root,Rummage_VL
poke,Rummage_VL
scrabble,Rummage_VL
need,Want_VH
covet,Want_VH
want,Want_H
desire,Want_H
like,Want_L
prefer,Want_L
crave,Want_L
fancy,Want_VL
pray,Long_VH
crave,Long_H
hope,Long_H
hunger,Long_H
lust,Long_H
ache,Long_L
hanker,Long_L
itch,Long_L
long,Long_L
yearn,Long_L
thirst,Long_VL
wish,Long_VL
pine,Long_VL
chomp,Chew_VH
crunch,Chew_H
lick,Chew_H
munch,Chew_H
chew,Chew_L
peck,Chew_L
teethe,Chew_L
gum,Chew_VL
nibble,Chew_VL
guzzle,Gobble_VH
gulp,Gobble_H
quaff,Gobble_L
swallow,Gobble_L
slug,Gobble_L
swig,Gobble_VL
devour,Devour_VH
down,Devour_H
smoke,Devour_H
have,Devour_L
consume,Devour_VL
ingest,Devour_VL
feast,Dine_VH
banquet,Dine_H
brunch,Dine_H
luncheon,Dine_H
picnic,Dine_H
supper,Dine_H
breakfast,Dine_L
lunch,Dine_L
junket,Dine_VL
snack,Dine_VL
gorge,Gorge_VH
prosper,Gorge_VH
thrive,Gorge_VH
flourish,Gorge_H
live,Gorge_H
feed,Gorge_L
subsist,Gorge_L
exist,Gorge_VL
survive,Gorge_VL
hyperextend,Bend_VH
warp,Bend_VH
distend,Bend_VH
bend,Bend_H
rumple,Bend_H
stretch,Bend_H
unfold,Bend_H
unfurl,Bend_H
crease,Bend_L
crumple,Bend_L
flex,Bend_L
roll,Bend_L
scrunch,Bend_L
straighten,Bend_L
wrinkle,Bend_L
crinkle,Bend_VL
fold,Bend_VL
furrow,Bend_VL
round,Bend_VL
unroll,Bend_VL
unwind,Bend_VL
expel,Fire_VH
shitcan,Fire_VH
fire,Fire_H
remove,Fire_H
sack,Fire_L
drop,Fire_L
can,Fire_L
oust,Fire_L
terminate,Fire_L
lay_off,Fire_L
dismiss,Fire_VL
unseat,Fire_VL
suspend,Fire_VL
renounce,Resign_VH
abdicate,Resign_VH
resign,Resign_H
quit,Resign_H
retire,Resign_H
vacate,Resign_L
leave,Resign_L
withdraw,Resign_VL
depart,Resign_VL
haul,Carry_VH
hoist,Carry_VH
lug,Carry_VH
schlep,Carry_VH
drag,Carry_H
heft,Carry_H
pull,Carry_H
run,Carry_H
tow,Carry_H
carry,Carry_L
tote,Carry_L
tug,Carry_L
yank,Carry_L
draw,Carry_VL
nudge,Carry_VL
sacrifice,Contribute_VH
surrender,Contribute_VH
donate,Contribute_H
forfeit,Contribute_H
forgo,Contribute_H
betroth,Contribute_H
remit,Contribute_H
refer,Contribute_L
resubmit,Contribute_L
resign,Contribute_L
submit,Contribute_VL
restore,Contribute_VL
gift,Contribute_VL
ban,Forbid_VH
forbid,Forbid_VH
prohibit,Forbid_VH
bar,Forbid_H
inhibit,Forbid_H
prevent,Forbid_H
stop,Forbid_H
deter,Forbid_L
dissuade,Forbid_L
impede,Forbid_L
obstruct,Forbid_L
restrain,Forbid_L
block,Forbid_VL
discourage,Forbid_VL
hamper,Forbid_VL
hinder,Forbid_VL
rely,Rely_VH
depend,Rely_VH
bank,Rely_H
count,Rely_H
bargain,Rely_L
gamble,Rely_L
wager,Rely_L
bet,Rely_L
figure,Rely_VL
reckon,Rely_VL
conspire,Conspire_VH
partner,Conspire_VH
ally,Conspire_H
collaborate,Conspire_H
collude,Conspire_L
befriend,Conspire_L
scheme,Conspire_VL
confine,Limit_VH
limit,Limit_VH
restrict,Limit_H
restrain,Limit_L
reduce,Limit_L
constrain,Limit_VL
liberate,Free_VH
absolve,Free_VH
acquit,Free_VH
free,Free_VH
emancipate,Free_VH
exonerate,Free_H
clear,Free_H
release,Free_H
alleviate,Free_L
rerelease,Free_L
relieve,Free_VL
defend,Defend_VH
guard,Defend_VH
safeguard,Defend_VH
insure,Defend_H
protect,Defend_H
preserve,Defend_L
shade,Defend_VL
discover,Discover_VH
rationalize,Discover_VH
solve,Discover_VH
determine,Discover_H
deduce,Discover_H
ascertain,Discover_H
scent_out,Discover_H
realize,Discover_L
relearn,Discover_L
find,Discover_VL
guess,Discover_VL
chance_across,Discover_VL
chance_on,Discover_VL
focus,Focus_VH
converge,Focus_VH
focalize,Focus_H
concentrate,Focus_H
center,Focus_L
fixate,Focus_L
brood,Focus_VL
marinate,Focus_VL
settle,Settle_VH
harmonize,Settle_VH
concur,Settle_H
cohere,Settle_H
resolve,Settle_H
contract,Settle_L
consent,Settle_L
covenant,Settle_L
bargain,Settle_VL
bargain,Settle_VL
surpass,Exceed_VH
top,Exceed_VH
exceed,Exceed_VH
lap,Exceed_H
outdo,Exceed_H
outmatch,Exceed_H
outwit,Exceed_H
better,Exceed_L
outbid,Exceed_L
outnumber,Exceed_L
outshine,Exceed_L
outsmart,Exceed_L
outrace,Exceed_VL
outweigh,Exceed_VL
overstep,Exceed_VL
incarcerate,Confine_VH
jail,Confine_VH
imprison,Confine_VH
institutionalize,Confine_H
detain,Confine_H
jug,Confine_L
hold,Confine_L
charge,Confine_VL
hospitalize,Confine_VL
acquiesce,Acquiesce_VH
submit,Acquiesce_VH
succumb,Acquiesce_VH
defer,Acquiesce_H
yield,Acquiesce_H
bow,Acquiesce_L
capitulate,Acquiesce_L
accede,Acquiesce_VL
deduct,Deduce_VH
deduce,Deduce_VH
prove,Deduce_VH
rationalize,Deduce_VH
conclude,Deduce_H
derive,Deduce_H
infer,Deduce_H
conceive,Deduce_H
reason,Deduce_L
reason,Deduce_L
disprove,Deduce_VL
confront,Confront_VH
rival,Confront_VH
combat,Confront_VH
face,Confront_H
undertake,Confront_H
take_on,Confront_H
counter,Confront_H
pre-empt,Confront_H
tackle,Confront_L
take_on,Confront_L
brave,Confront_L
set_about,Confront_L
approach,Confront_VL
intercept,Confront_VL
ensure,Ensure_VH
guarantee,Ensure_VH
assure,Ensure_H
insure,Ensure_L
reinsure,Ensure_L
secure,Ensure_VL
ascertain,Ensure_VL
copyright,Patent_VH
patent,Patent_VH
accredit,Patent_VH
trademark,Patent_H
license,Patent_H
certify,Patent_H
credential,Patent_H
register,Patent_L
verify,Patent_VL
evidence,Patent_VL
imitate,Patent_VL
impersonate,Patent_VL
promote,Promote_VH
advance,Promote_H
encourage,Promote_H
boost,Promote_L
invite,Promote_L
further,Promote_VL
emphasize,Promote_VL
require,Require_VH
need,Require_VH
necessitate,Require_H
demand,Require_H
take,Require_L
involve,Require_VL
blaze,Light_Emission_VH
flare,Light_Emission_VH
flash,Light_Emission_VH
beam,Light_Emission_H
burn,Light_Emission_H
flame,Light_Emission_H
incandesce,Light_Emission_H
scintillate,Light_Emission_H
shine,Light_Emission_H
fluoresce,Light_Emission_L
glare,Light_Emission_L
gleam,Light_Emission_L
gleam,Light_Emission_L
glow,Light_Emission_L
shimmer,Light_Emission_L
blink,Light_Emission_VL
flicker,Light_Emission_VL
glint,Light_Emission_VL
glisten,Light_Emission_VL
glitter,Light_Emission_VL
twinkle,Light_Emission_VL
annihilate,Murder_VH
butcher,Murder_VH
exterminate,Murder_VH
immolate,Murder_VH
massacre,Murder_VH
murder,Murder_VH
assassinate,Murder_H
execute,Murder_H
liquidate,Murder_H
lynch,Murder_H
slaughter,Murder_H
bushwhack,Murder_L
eliminate,Murder_L
euthanize,Murder_L
slay,Murder_L
dispatch,Murder_VL
off,Murder_VL
sleep,Snooze_VH
snooze,Snooze_VH
slumber,Snooze_H
catnap,Snooze_L
nap,Snooze_L
doze,Snooze_VL
drowse,Snooze_VL
escape,Escape_VH
flee,Escape_VH
exit,Escape_H
leave,Escape_H
depart,Escape_L
vacate,Escape_L
disembark,Escape_VL
chase,Chase_VH
track,Chase_VH
follow,Chase_H
pursue,Chase_H
shadow,Chase_L
tail,Chase_L
trail,Chase_VL
boycott,Avoid_VH
shun,Avoid_VH
circumvent,Avoid_H
elude,Avoid_H
evade,Avoid_H
dodge,Avoid_L
duck,Avoid_L
sidestep,Avoid_L
eschew,Avoid_VL
forgo,Avoid_VL
procrastinate,Linger_VH
linger,Linger_VH
loiter,Linger_H
pause,Linger_H
hesitate,Linger_L
loaf,Linger_L
equivocate,Linger_L
putter,Linger_VL
dawdle,Linger_VL
dally,Linger_VL
fine,Bill_VH
overcharge,Bill_VH
bill,Bill_H
tax,Bill_H
wager,Bill_H
charge,Bill_L
tip,Bill_L
invoice,Bill_VL
save,Bill_VL
scrimp,Bill_VL
undercharge,Bill_VL
beg,Urge_VH
lobby,Urge_VH
egg_on,Urge_H
urge,Urge_H
implore,Urge_H
advise,Urge_L
press,Urge_L
ask,Urge_VL
