Adverb,Verb,2GramCount
to,copper,46
not,rebuild,27
really,confused,61
equally,distributed,70
no,saint,56
not,enforce,106
not,emanate,27
as,site,37
always,sing,25
for,josh,70
as,silk,103
some,fashion,232
already,spoken,93
not,sink,50
by,size,152
as,breakfast,35
for,manipulating,58
to,shutter,42
for,alleviating,24
to,skid,69
to,skim,162
between,skin,29
not,skip,25
to,shuttle,127
basically,a,1359
no,x,103
earlier,survey,30
fully,utilized,32
to,slit,68
slowly,slid,36
to,slim,108
easily,slip,50
not,descend,24
to,sled,23
to,slot,24
quite,slow,25
to,wreck,164
not,transmit,32
not,stirred,48
to,comparing,43
usually,ignored,32
to,slap,456
by,noting,376
to,brace,246
to,salve,39
not,brain,47
highly,localized,54
not,begrudge,29
for,brand,33
personally,believe,173
by,merging,71
as,willy,30
to,tackle,1789
generally,acknowledged,82
for,sally,65
to,channel,547
to,slug,64
please,notify,23
but,canceled,29
some,exercise,112
ever,notice,140
not,compute,37
not,absolve,29
not,substitute,79
to,snip,68
for,stimulating,69
long-distance,service,122
to,snub,40
as,snow,180
never,guess,244
some,guest,23
gently,stroking,28
to,snap,766
not,assign,57
to,snag,278
but,letting,60
previously,sold,24
to,sole,26
as,solo,25
not,equate,64
also,assist,62
by,soil,72
slightly,sour,24
never,escape,76
increasingly,frustrated,101
as,minister,101
highly,diversified,26
really,sort,312
successfully,navigated,28
to,document,1397
to,quarrel,116
some,junk,29
really,jump,23
no,soap,40
recently,renamed,35
to,sock,65
not,wield,23
easily,spot,30
lightly,greased,394
by,summarizing,30
not,persuade,67
to,spur,544
to,span,110
to,spar,54
to,spit,385
seriously,injuring,24
for,spin,26
no,guide,31
eventually,destroy,23
already,tense,33
to,minute,57
for,glory,128
to,gloss,96
for,approving,71
not,interrupt,78
no,caption,131
to,snicker,30
to,clutter,39
generally,avoid,31
to,arguing,50
no,yield,38
not,conceal,83
to,catalog,115
ever,invited,30
to,tissue,51
as,baby,205
by,bach,38
already,back,78
as,border,27
not,evade,31
no,ball,28
also,assert,33
by,bank,97
for,band,72
as,star,84
also,assess,41
to,stab,270
no,bail,27
for,bait,105
for,apparel,34
for,concern,713
to,concert,43
for,reform,948
readily,concede,28
to,pension,53
not,deploy,27
now,raging,30
to,default,114
how,terrified,30
fully,exploit,37
to,roast,248
violently,coerced,23
not,explode,51
not,embrace,117
to,stun,99
also,explore,76
not,manipulate,25
for,bath,24
to,bash,224
to,stew,56
not,stir,120
to,ambush,132
not,generating,31
please,stay,414
for,stem,102
for,step,76
always,appreciated,66
to,base,983
to,trumpet,87
almost,bare,30
ever,stop,204
not,pinpoint,25
irrevocably,changed,31
by,silver,44
for,sauce,33
for,bypass,24
not,overnight,25
not,complied,39
however,brief,29
not,suit,106
by,brick,91
already,taught,33
successfully,sued,91
to,surf,271
to,sulk,38
actually,bring,91
for,compost,91
ever,sung,23
really,sunk,23
not,evolve,57
to,worship,625
to,pirate,40
no,program,116
to,swap,363
to,swat,121
not,preclude,279
not,brave,26
not,depict,44
never,convince,26
as,startled,28
highly,differentiated,33
for,guiding,130
simply,dismiss,26
by,reflex,48
for,control,1077
to,belt,62
by,bell,54
not,bend,78
by,voicing,26
as,best,2166
for,stating,38
to,station,174
to,sponge,23
as,humble,31
properly,evaluate,24
not,swim,74
for,typing,27
to,wince,80
not,switch,29
to,forage,149
for,compromise,214
not,intrude,59
not,overweight,48
undoubtedly,been,29
no,beef,34
constantly,challenged,25
also,bear,89
almost,beat,24
to,beam,128
to,bean,49
to,bead,26
always,write,55
to,twist,466
no,retreat,36
as,penance,28
never,promised,57
not,lending,31
no,decrease,32
really,disagree,44
for,revising,31
really,point,23
clearly,reflect,30
not,forbid,40
congressionally,mandated,54
not,trigger,53
to,remodel,138
not,occupy,45
for,consuming,24
especially,intriguing,33
not,depend,443
to,swimming,82
as,captain,133
to,swivel,45
also,facilitate,55
barely,survived,75
by,bread,38
not,break,506
before,grabbing,44
for,recognizing,172
not,breed,38
not,motivate,33
to,needle,42
not,collect,132
by,bicycle,82
by,slapping,35
also,propose,31
to,determining,175
badly,behaved,24
not,cured,45
for,feeding,160
not,materialized,69
some,grumbling,61
simply,continue,54
no,battle,30
down,counter,26
by,inducing,68
to,batter,95
badly,deteriorated,23
for,featuring,25
some,conflict,55
not,bite,61
currently,scheduled,23
openly,admit,26
not,dominate,86
not,relax,38
to,curry,192
between,forest,25
supply,curve,44
some,bias,25
to,curse,206
not,bill,116
not,legislate,55
for,bike,52
not,bind,53
to,bing,29
to,bargain,417
also,participated,182
not,complain,158
for,glass,76
to,gambling,108
to,glare,158
not,avail,26
bolt,upright,172
to,patent,137
rapidly,escalating,35
beautifully,carved,33
probably,kept,28
for,fabricating,27
almost,forget,65
r,kemp,25
also,forged,24
by,venturing,24
to,kent,61
to,tease,599
not,generalize,79
soon,forgot,37
absolutely,adore,23
for,influencing,71
not,renew,69
also,adopt,24
not,depart,37
by,counsel,57
for,simulating,31
not,teach,309
critically,analyze,28
to,disregard,308
too,keen,77
not,keep,1145
not,disprove,27
to,blur,350
also,doubled,47
easily,handled,33
quickly,embraced,26
to,stampede,26
almost,blew,27
as,retired,38
to,muddle,68
sometimes,refer,38
within,commuting,29
to,computerized,41
to,blot,113
by,blow,28
to,tank,50
also,undermined,38
for,tasting,52
out,buying,44
not,compete,384
no,tape,50
somehow,take,28
too,tame,42
not,endorse,208
simply,shrugged,31
simply,talk,27
nearly,choking,24
to,taxi,52
between,task,49
to,sleeping,127
constitutionally,required,38
to,shaping,48
by,formulating,34
between,peter,23
to,preserving,271
also,singled,25
by,coordinating,39
no,tail,34
virtually,complete,26
to,boat,79
as,indicated,1106
not,kick,45
to,boil,987
not,bode,152
also,pledged,90
not,withdraw,100
to,body,327
by,leasing,30
to,bleach,49
to,compare,3904
already,fallen,134
no,window,64
actually,determine,29
never,explain,54
to,brunch,40
no,refuge,36
not,solving,44
for,raping,65
to,boom,86
to,boot,751
some,book,46
not,refuse,169
also,bore,30
never,born,34
not,refute,40
some,bond,24
some,bone,26
for,bomb,27
to,bowl,343
not,accusing,62
not,kiss,40
no,church,60
also,constitute,29
probably,kill,55
no,boss,28
but,king,81
repeatedly,urged,28
under,guard,92
easily,accommodate,41
not,stolen,34
yet,further,38
greatly,accelerated,31
nearly,tripled,177
by,mixing,272
mile,island,103
to,format,34
not,contest,46
always,fighting,66
by,factor,29
to,brew,152
as,counseling,32
some,company,200
really,test,31
by,term,23
to,enforcing,51
to,warehouse,40
to,continuing,186
to,compact,58
not,regain,35
to,subpoena,165
but,team,31
not,tear,74
to,tent,24
naturally,tend,26
without,regard,726
carefully,transfer,46
simply,tell,93
sometimes,confusing,24
some,noise,145
some,disgruntled,31
to,deliberate,157
to,differ,551
for,reuse,87
to,parachute,43
not,discouraged,78
dearly,loved,67
to,sparkle,46
not,moderate,34
ever,lower,30
not,bringing,181
to,reserve,453
for,knee,35
some,solace,73
some,contend,52
never,content,26
nicely,balanced,25
suddenly,knew,85
never,ignore,23
tightly,knit,129
to,thaw,181
fully,satisfied,55
summer,institute,66
slowly,forward,66
say,please,67
to,bulk,85
to,bunk,32
for,loose,78
to,bull,32
to,buff,38
to,bust,417
quite,busy,47
some,ties,23
not,bury,25
before,bush,78
to,butt,99
to,bunt,28
to,tidy,120
to,tide,133
to,burn,2608
to,burp,38
to,tick,136
to,rendezvous,112
nearly,tripped,42
somehow,know,23
to,knot,41
quickly,grabbed,33
for,respiratory,75
too,thin,596
for,buck,49
also,emphasized,209
typically,contain,44
not,deliver,169
also,present,416
please,describe,67
no,reply,383
to,tint,25
to,buzz,123
never,repay,26
finally,time,75
around,till,38
to,tilt,267
to,tile,45
for,mobility,74
to,tire,191
increasingly,focused,52
for,contrast,71
by,evoking,44
to,uplift,85
openly,criticize,33
for,dismantling,46
not,resuscitate,41
not,falter,40
not,contract,42
to,monkey,27
to,caring,132
not,budging,25
to,redding,23
by,tapping,167
as,contact,42
by,cooper,34
not,attribute,43
also,pursuing,46
no,commission,26
to,charging,34
not,address,876
but,suggest,23
to,elaborate,571
not,enact,37
to,stereotype,76
to,submitting,23
nearly,toppled,25
as,concentrated,25
by,campaign,37
to,inventory,91
for,baking,159
no,stake,44
to,stain,59
not,waste,204
now,stand,198
to,crater,25
to,stamp,329
too,dizzy,23
to,franchise,48
to,stack,196
some,staff,96
richly,textured,82
to,beaver,146
developmental,stage,117
not,implicated,32
not,deceive,25
by,shedding,27
to,dislike,246
now,participate,25
to,simmer,243
not,persist,64
also,fined,24
no,announcement,39
to,toil,85
specifically,told,46
to,toll,35
to,distress,49
for,fried,47
really,torn,29
to,tote,94
not,contradict,100
gently,toss,95
not,exempt,112
gently,took,49
stone,tool,23
not,water,80
not,adhere,82
not,overstate,23
ever,start,37
not,stare,29
some,career,30
to,stash,137
really,watch,50
also,contribute,368
not,foreseen,38
to,whistle,177
to,state,3557
for,spying,64
to,skirt,138
not,condone,161
to,repeal,706
simply,repeat,31
also,enabled,93
some,skill,44
actually,creating,35
without,glancing,37
never,skied,29
for,refining,36
really,noticing,24
summer,tour,72
to,tout,193
to,recount,297
to,disconnect,141
always,joking,24
by,redefining,67
clearly,outlined,37
for,progress,375
not,account,410
never,discuss,54
for,modernizing,26
as,demonstrating,49
to,drool,32
twice,divorced,64
not,foresee,135
not,recover,177
to,trot,153
usually,occur,97
experimentally,induced,30
to,trademark,31
along,route,112
also,acquired,102
not,educating,29
almost,drove,31
not,drown,33
for,round,82
not,alleviate,28
always,amazed,125
to,trip,265
as,trim,31
to,trek,81
some,rough,219
by,district,87
some,tree,36
always,struggled,35
to,freak,127
completely,devastated,35
to,reference,102
already,escaped,23
for,merchandise,35
some,cake,35
now,stored,30
to,pledge,222
to,cage,36
also,featured,229
to,capturing,95
to,muddy,65
for,organizing,326
to,baked,35
for,winter,539
now,filed,26
sexually,harass,29
not,repair,33
to,patrol,351
also,represent,159
post,card,36
ever,care,32
also,cast,68
by,cash,41
to,carp,30
to,cart,91
by,case,220
summer,camp,752
actually,came,335
probably,call,68
as,calm,133
no,liquor,46
why,cant,60
to,shield,884
highly,centralized,114
to,cave,136
not,fresh,34
to,frost,119
almost,touch,62
completely,dissolved,32
no,front,70
to,turf,24
heads,turn,98
never,underestimate,149
also,harbor,29
to,barbecue,74
to,frown,83
to,prospect,51
already,concluded,46
not,authorize,90
down,tube,66
to,tuck,265
to,tune,587
fully,cooperated,29
not,imply,438
never,enjoy,23
never,regret,37
not,jeopardize,86
not,replicate,42
to,exploring,134
not,freeze,52
not,sending,154
easily,accommodated,23
not,reconcile,45
to,voice,668
to,sting,133
to,stink,61
not,manifest,56
to,replay,122
merely,nodded,76
sometimes,still,62
not,shrink,83
some,shrimp,26
not,mislead,28
really,stick,32
perfectly,captured,26
not,forgiven,40
thereby,facilitating,24
to,tower,69
by,twin,65
also,sensed,42
not,condemn,105
some,provision,34
no,report,116
rapidly,evolving,74
to,unraveling,25
not,kidding,439
not,accuse,49
to,soldier,91
seriously,eroded,24
by,denying,299
not,subscribe,94
not,interfering,46
as,commander,342
ever,laid,88
for,instrument,30
no,lack,164
to,lace,79
no,land,147
some,lame,34
as,lamb,69
some,difference,95
some,type,1427
not,accord,46
by,nurturing,28
not,waver,53
already,realized,28
finely,chop,135
to,mulch,45
to,lecture,370
actually,am,56
shortly,be,53
way,do,138
instead,go,37
differently,based,23
not,steal,107
some,steam,81
summer,league,104
by,barge,31
not,fired,62
remotely,resembling,43
by,steep,36
for,steel,119
twice,last,95
not,chew,26
not,releasing,80
for,st,390
for,chip,58
to,chin,52
yet,up,26
finely,calibrated,28
to,dining,50
not,presume,88
clearly,define,79
not,acquire,71
also,cite,71
not,distract,50
also,engage,74
extremely,frustrating,42
by,collaborating,42
by,fellow,266
to,total,441
as,hunger,37
not,submit,102
thereby,improving,49
to,alternate,164
usually,associate,25
not,sought,96
not,labeled,34
federally,approved,34
also,lent,38
also,lend,41
to,levy,161
clearly,demonstrated,169
scantily,clad,180
as,seeking,63
almost,broke,103
to,rogue,50
for,robbing,55
before,harvest,23
always,left,211
carefully,orchestrated,94
too,stunned,116
probably,lead,61
as,leaf,23
to,leap,717
not,leak,42
to,lean,1051
not,warrant,94
not,controlling,56
for,club,60
some,clue,79
to,distrust,147
to,pound,484
as,source,72
by,lying,133
recently,declassified,47
severely,restrict,45
to,brood,83
to,clip,138
to,claw,133
as,clay,31
by,financing,39
to,clot,63
lightly,brown,47
to,treasure,107
to,squeak,49
to,squeal,35
ethnically,cleansed,37
by,criticizing,92
to,poison,303
widely,debated,28
not,fulfilled,98
to,bludgeon,38
to,dread,124
ever,dream,86
not,gather,35
diagonally,sliced,28
fully,comprehend,98
fully,capture,29
vigorously,defend,35
not,undergone,38
for,legalizing,27
to,leather,26
before,collapsing,59
for,specifying,24
totally,empty,24
for,resolving,250
not,approach,159
always,dress,26
to,ticket,49
to,cock,48
no,code,34
no,coat,48
fully,integrate,33
to,coal,105
not,establish,194
without,arousing,38
to,defect,154
not,occurred,258
barely,glanced,49
not,defeat,78
not,exaggerate,47
for,inspiring,60
d,power,24
not,wonder,54
out,live,35
also,list,41
to,deciding,98
really,saved,48
finally,wrote,27
to,comb,213
slowly,lift,44
basically,come,26
horribly,wrong,116
for,cook,60
relatively,cool,52
to,cone,23
to,coil,25
to,coin,105
to,overwork,32
some,coke,32
also,convey,32
not,link,55
no,line,98
to,squawk,26
as,limp,23
some,lime,23
closely,identified,122
practically,begging,27
never,exercised,34
to,copy,779
not,cope,82
by,character,30
but,cost,76
to,limb,30
between,core,29
uncannily,like,40
to,corn,101
to,squash,119
not,square,72
not,smiling,156
for,purpose,50
not,purport,27
technologically,savvy,35
stone,crab,34
as,crew,46
without,anger,31
as,section,49
as,birth,78
not,restrain,33
for,chopping,34
never,drank,96
no,award,34
increasingly,agitated,28
never,cease,133
for,roger,127
finally,solved,24
by,circling,46
to,verse,37
not,overdo,23
for,snapping,26
to,crop,133
by,wireless,26
once,posed,25
to,blister,31
eagerly,await,57
for,draft,36
fully,awake,151
not,drain,31
legally,defined,34
but,planned,25
ever,changing,117
way,using,26
to,twitch,103
by,dominating,23
for,loan,62
to,load,866
to,flower,201
to,lock,1315
neatly,packaged,23
to,cuff,29
to,shimmer,62
to,curb,1209
slowly,curl,25
not,cure,120
widely,disseminated,89
to,loft,33
thereby,decreasing,27
not,dirty,44
scarcely,noticed,41
some,field,54
heads,bobbing,23
recently,relocated,33
for,clarifying,56
not,inflict,25
not,pertain,28
also,scored,227
frequently,quoted,30
usually,located,50
for,access,550
no,accent,28
between,scores,87
please,accept,89
to,showcase,477
also,consumed,25
but,verify,36
also,stimulated,24
too,shaken,25
to,lord,46
not,lose,721
fairly,long,84
to,inconvenience,36
already,testified,29
to,forgetting,30
yet,look,37
to,loot,102
to,loop,71
no,blueprint,29
once,installed,42
also,love,252
to,outline,404
to,reprint,58
to,marcel,33
no,quarter,86
for,resuming,27
as,yellow,86
to,fight,14108
but,applying,24
how,frank,27
to,ditch,234
between,image,31
for,smoking,202
for,frame,33
for,speeding,174
to,modifying,25
thereby,depriving,25
also,foster,50
to,relapse,47
for,fucking,37
not,flourish,49
not,welcome,340
as,market,98
to,thunder,35
not,indulge,51
never,conceived,30
gently,massage,26
o'clock,shadow,57
lightly,sprinkle,24
not,graduate,87
not,intervening,25
thus,enhancing,44
to,squint,171
not,overshadow,30
for,stealing,304
by,indulging,23
to,single,530
not,undo,51
however,slight,42
not,anticipating,36
to,usher,236
to,disdain,46
not,evoke,32
some,brush,28
to,sculpture,47
to,toast,202
not,testify,106
some,dried,52
to,lynch,45
nearly,starved,30
by,accumulating,32
to,wager,70
no,margin,73
to,lump,125
to,lull,79
to,roost,239
also,aroused,25
to,sponsor,483
to,lure,1437
also,permitted,58
for,distributing,103
to,lust,52
not,drink,237
also,stimulate,40
to,drill,664
to,shoulder,801
actively,investigating,27
to,reproach,33
not,pretend,228
not,purchase,74
no,luck,403
simply,drive,33
for,tying,53
never,encounter,24
to,scowl,40
particularly,surprised,47
not,favor,197
not,suffice,174
to,quote,989
for,aspiring,117
to,sling,51
to,intimate,79
no,score,39
for,phone,111
thinly,slice,172
not,object,234
too,slick,57
to,slide,1058
nearly,bankrupt,39
some,abstract,70
to,counterfeit,38
to,telegraph,36
quite,liked,28
for,bathing,76
not,foreclose,29
for,allocating,64
for,assembling,58
wildly,varying,24
no,example,37
some,vintage,26
for,scrap,105
to,carpenter,27
under,assault,170
by,plunging,29
for,servicing,47
some,isolated,52
for,bronze,25
to,scramble,435
strongly,urge,74
to,boycott,335
to,exact,225
for,canceling,38
for,filing,147
strictly,limit,23
not,fazed,26
to,scrub,273
to,temper,264
not,prefer,40
to,screw,474
highly,disciplined,54
not,banned,29
how,color,23
to,sleek,23
between,sleep,41
too,damn,217
slightly,damp,48
not,starving,43
as,farce,23
to,dawn,256
not,fared,73
to,dart,89
quite,dark,52
too,darn,59
to,dash,170
to,scotch,28
to,dare,97
for,date,38
by,bullying,29
some,encouraging,72
to,jump-start,298
not,deviate,49
never,replace,70
not,infer,36
deliberately,chosen,31
not,practicing,72
never,slept,170
to,duplicate,557
mile,stretch,23
for,broken,59
seriously,threaten,25
always,hoping,39
oddly,shaped,91
slightly,overlapping,31
genetically,programmed,46
ever,contemplated,27
not,preach,27
not,sanction,33
not,referred,34
not,choose,438
really,light,37
not,defy,26
no,fault,282
not,negate,86
actually,deal,28
not,lessen,55
below,deck,97
never,deny,31
to,lesson,23
highly,overrated,29
some,adventure,24
fully,diluted,26
not,utter,51
no,project,26
not,withdrawn,28
for,promoting,537
behind,harry,23
to,sketch,319
recently,excavated,23
for,requiring,50
to,combating,56
closely,resembled,138
to,scratch,552
ever,made,1525
easily,make,140
for,mail,63
previously,developed,37
no,overlap,24
for,timber,103
really,connect,43
some,corner,57
as,startling,44
by,internalizing,23
not,oppose,191
to,puzzle,167
also,examine,120
not,execute,43
ever,thank,23
to,inter,26
no,mass,69
to,mate,347
not,mask,38
to,mash,67
but,matt,70
for,rejoicing,26
never,forgave,97
but,mark,167
absolutely,hated,24
for,balancing,85
not,meant,901
to,marvel,184
under,license,36
not,caught,162
ever,bother,38
no,knife,24
yet,exist,135
by,scaring,24
for,exile,30
constantly,monitor,43
also,deserve,50
to,dive,515
not,deterred,89
not,implicate,25
not,overmix,48
to,dish,122
to,distance,911
for,posing,34
for,diet,35
never,dies,80
finally,died,83
to,dial,425
for,experiencing,55
no,dice,85
once,lined,41
barely,understand,42
for,chapter,58
to,couch,56
no,sugar,100
by,uniting,44
deeply,intertwined,30
not,exclude,246
not,disqualify,30
freshly,shaved,31
to,caucus,26
not,melt,26
to,ripple,52
to,gallop,74
almost,choked,56
really,mess,28
to,mesh,104
no,filter,26
not,initiate,82
completely,cover,60
not,covet,27
to,cough,333
hardly,could,30
some,court,37
but,maintain,48
eventually,meet,25
actually,count,26
for,aging,198
always,dreamed,239
automatically,mean,48
to,licensing,30
to,counterbalance,125
now,suing,73
as,satellite,34
not,migrate,38
as,input,75
now,leaving,39
also,coincided,38
always,insist,29
not,disappoint,141
not,correspond,213
to,segment,35
no,whining,35
to,slope,35
closely,approximate,37
to,vail,70
as,finance,82
to,blanket,64
also,exert,23
also,vary,143
for,surviving,103
not,respect,195
to,referee,55
some,wiggle,39
neatly,typed,25
to,suction,23
also,oversaw,27
not,communicated,30
never,dared,98
honorably,discharged,37
not,referring,116
to,dock,179
truly,terrifying,27
recently,initiated,25
newly,hired,137
between,competing,106
recently,merged,28
not,calculate,28
always,preceded,28
not,blaming,150
evenly,distribute,37
to,executing,27
for,refueling,33
to,cordon,35
not,miss,355
to,mist,34
not,completing,50
to,strip,778
briskly,down,53
not,stray,44
as,straw,27
for,tender,35
not,derive,78
not,completed,222
to,dole,142
also,strengthen,60
somehow,does,26
heavily,sedated,35
easily,manipulated,93
before,mike,38
as,outraged,24
by,describing,305
for,mind,28
as,dose,30
to,mill,36
as,milk,98
obviously,done,24
to,disgrace,41
some,dope,29
to,doom,41
not,enter,499
not,cooperate,180
to,coast,603
for,tagging,32
to,overuse,51
under,coach,164
no,number,65
not,neglect,77
to,drag,1382
to,vest,32
not,draw,256
to,freelance,25
to,vent,378
thinly,spread,26
to,outfit,136
to,drip,165
quickly,drew,30
to,mushroom,37
always,voted,51
no,respite,34
earlier,phase,28
to,scale,799
to,probate,27
not,scare,43
gradually,declined,24
recently,submitted,23
by,examining,1012
also,intensified,33
also,competed,24
to,flatter,133
generally,attributed,34
thinly,disguised,130
really,dance,24
no,drop,28
gently,sloping,100
yet,devised,32
also,imposed,55
to,drug,735
to,drum,275
not,injure,23
never,forgive,306
actually,raised,32
to,hassle,34
not,suspect,63
for,fueling,30
automatically,adjust,30
somewhat,muted,26
also,ought,49
recently,donated,40
to,quadruple,42
to,vomit,206
to,hinge,58
by,stock,40
to,sprawl,54
for,duck,34
to,snitch,27
to,dump,892
to,mock,337
to,dull,137
no,pressure,355
summer,fruit,38
already,faced,49
truly,inspired,24
to,burrow,107
to,wooden,50
also,alluded,24
already,achieved,120
for,decoding,27
for,intermediate,80
also,display,57
no,moon,113
some,view,89
for,mold,24
for,dust,76
before,dusk,70
no,expense,161
not,prosper,27
to,stone,372
actually,stood,37
allegedly,stole,26
for,visa,37
some,store,36
by,storm,310
no,story,180
gradually,faded,26
but,move,64
not,picture,50
almost,purple,24
some,fancy,119
please,respond,39
to,slack,35
for,threat,33
by,experiment,40
clearly,demonstrate,82
by,spirit,24
to,spiral,116
not,outlaw,25
how,humiliating,28
slightly,dazed,23
no,style,38
to,picket,75
for,assuring,63
to,jimmy,360
now,focusing,78
for,retrieving,34
environmentally,damaging,62
as,slave,42
for,slate,42
not,derail,23
recently,renovated,79
not,discourage,72
not,incur,33
to,quilt,24
too,quiet,200
no,feedback,75
originally,slated,26
to,oyster,25
to,blossom,193
actively,pursue,39
not,insult,37
not,breathe,138
publicly,acknowledge,43
to,index,91
not,dissolve,33
no,picnic,103
generously,grease,26
to,stabilizing,42
to,partition,84
also,enable,104
certainly,must,57
to,mute,97
briefly,summarized,33
to,stuff,446
now,stuck,32
now,study,31
not,listen,328
no,author,36
some,faint,47
recently,argued,70
for,admitting,66
for,grading,53
to,rebound,314
not,convict,37
earlier,question,60
to,vote,8929
not,minimize,28
finely,wrought,44
for,conduct,70
by,queen,25
secretly,relieved,30
tightly,coupled,36
closely,supervised,51
actually,decreased,61
for,transplant,101
to,pinch-hit,24
not,encompass,48
eventually,emerge,27
not,hiring,92
directly,addressed,99
for,structuring,38
no,spring,43
to,sprint,124
not,fulfill,140
not,convert,39
to,crunch,93
as,frozen,44
indefinitely,postponed,32
not,balance,47
never,interfered,29
clearly,demarcated,23
to,queue,31
to,journey,110
not,necessitate,30
no,scent,27
not,export,26
also,expose,26
to,rifle,38
carefully,coordinated,26
not,occurring,41
not,apologizing,36
also,absorb,24
not,enroll,33
but,buried,40
not,pitch,30
earlier,letter,24
not,obtain,176
for,launch,165
for,skating,37
stubbornly,refused,43
s,right,40
not,retaliate,40
successfully,navigate,39
to,gamble,384
to,lasso,49
badly,managed,35
too,confining,37
not,prevail,102
not,easy,2884
now,earn,48
also,ease,33
not,build,272
not,built,254
to,probe,758
completely,blown,40
not,laugh,125
to,echo,355
also,protect,138
by,block,94
not,sticky,24
finally,reunited,25
not,blood,57
for,bloom,24
as,protest,23
not,portray,47
not,confuse,112
freshly,shredded,26
for,misconduct,62
also,prove,129
for,guided,46
recently,revised,41
to,edge,277
without,proof,77
by,smoke,79
similarly,situated,82
newly,emerging,154
to,spruce,139
also,anticipate,28
increasingly,bitter,41
for,rethinking,42
as,weather,82
nearly,blind,91
to,blink,305
not,construct,27
no,burden,28
not,thrive,43
today,continued,24
not,adhering,23
almost,amused,26
for,cruise,29
to,smirk,29
by,smuggling,28
but,prime,38
not,budge,121
not,print,54
always,smile,30
some,price,45
to,prick,60
for,pride,65
to,blitz,50
to,thump,70
closely,regulated,38
to,thumb,79
actually,prevent,43
to,sandwich,36
by,instilling,24
to,storing,24
also,reinforce,39
to,laurel,49
to,reviving,26
for,exchange,68
actively,participating,72
by,master,49
fondly,remember,39
to,nail,544
no,officer,36
not,belong,662
to,prize,46
not,conform,209
also,combine,28
to,lapse,80
for,excluding,68
gently,squeeze,38
as,sacrifice,23
widely,separated,123
not,partake,24
to,ruffle,67
to,pique,65
now,controlled,83
without,skipping,24
not,disabled,42
too,bloody,40
without,introducing,43
but,name,66
not,envision,89
not,prescribed,24
to,stepping,41
to,prune,107
not,abated,34
to,bellow,46
too,blunt,44
for,relieving,56
adversely,impact,47
by,praising,54
widely,circulated,134
for,socializing,62
summer,intern,34
fully,intend,34
not,compensate,60
already,written,192
for,hating,29
to,article,153
necessarily,follow,83
to,masquerade,31
no,neck,34
really,need,3120
never,fought,109
initially,estimated,24
not,withstand,111
to,chevy,27
always,expect,60
to,slaughter,254
not,check,76
never,cheat,29
not,intervene,159
to,cheer,917
to,cheek,90
no,stress,51
always,near,43
for,probing,40
some,portion,168
to,attempt,1436
no,partner,31
not,equipped,273
for,pricing,31
not,impair,27
not,deprive,43
to,burke,76
suddenly,thrust,34
to,stream,168
to,nest,131
suddenly,burst,52
also,regulate,25
by,diversifying,43
to,wage,713
to,waft,26
to,wade,369
not,stifle,23
never,ceased,172
always,want,792
virtually,guaranteed,81
say,wait,51
by,weight,309
for,wall,202
slowly,walk,38
never,wake,54
not,confine,34
not,confirm,291
not,impede,68
not,emit,33
not,eradicate,37
for,reproducing,26
not,relinquish,37
to,envy,114
properly,diagnosed,29
not,publish,147
surely,become,23
by,provoking,27
to,wave,654
also,warn,48
surprisingly,warm,30
to,warp,61
not,outweigh,39
c,ward,33
greatly,expand,74
never,wash,33
not,predict,325
also,hypothesized,61
not,practice,169
once,named,23
summer,breeze,66
to,chair,211
supply,chain,333
simply,thrown,28
to,chalk,49
not,chase,26
to,charm,229
to,chart,426
for,surrender,36
notably,absent,73
to,profit,671
to,layer,99
to,nick,264
also,evidenced,31
not,summon,32
some,strain,25
earlier,interview,45
randomly,allocated,28
before,summer,68
for,procuring,23
between,culture,77
for,dragging,43
to,snatch,397
also,influenced,234
to,kidnap,247
to,handicap,61
but,research,177
as,label,75
not,confess,27
always,appear,45
ever,went,291
to,lament,120
relatively,well,188
to,whimper,68
for,gauging,46
not,inherit,55
increasingly,alienated,32
not,weep,33
some,weed,27
always,wear,249
for,gossip,52
to,caricature,42
to,drizzle,60
since,japan,35
not,apply,1235
publicly,known,62
not,spared,39
no,knock,23
not,embarrass,31
since,labor,31
by,dividing,370
for,breast,603
not,arouse,41
federally,financed,60
to,breach,165
also,reject,26
for,frying,165
not,think,4058
not,qualify,420
to,stitch,140
for,perpetuating,41
ensemble,piece,29
to,potter,34
ever,imagined,361
also,appeal,37
no,signal,83
please,proceed,29
to,whip,446
ever,even,213
some,wire,32
to,rummage,120
to,wise,54
not,wish,1181
eventually,replaced,48
recently,arrived,198
to,prompt,296
ever,lived,571
carefully,evaluated,36
no,wind,220
as,wine,61
to,wing,65
no,nose,36
no,note,111
not,wipe,41
as,fulfilling,42
not,school,35
hopefully,will,142
as,cheese,32
basically,agree,32
not,signify,53
no,exit,122
to,surge,140
not,awaken,25
never,judged,26
never,smoked,146
to,auction,165
to,mirror,263
by,multiplying,129
not,import,23
also,impose,41
not,embracing,24
for,weekend,173
also,strive,24
stone,circle,26
to,headline,56
highly,evolved,66
to,string,179
no,strike,27
to,vision,83
by,average,56
some,pattern,35
to,stride,93
to,tingle,58
now,associated,38
to,decorating,39
to,fracture,79
no,better,2267
not,assure,70
not,inspire,94
not,bleed,28
suddenly,struck,77
automatically,assume,77
beyond,imagining,59
typically,experience,27
not,resent,27
fairly,stable,105
not,engender,27
some,programming,24
not,smell,78
for,rescue,126
by,restoring,101
almost,parallel,70
as,wolf,24
never,woke,64
too,numb,45
empirically,derived,43
to,blend,1196
to,litter,34
not,resolve,236
some,reason,3889
some,fraction,33
not,betray,105
to,preview,109
actively,recruit,27
for,vacuum,25
really,throw,35
for,pilot,30
out,word,34
always,wore,373
currently,work,27
ever,worn,64
no,merit,90
also,facilitated,53
for,wood,181
probably,wont,24
almost,threw,41
simply,press,28
also,witness,24
for,metal,89
for,mating,47
for,browsing,46
really,add,72
to,lance,43
never,act,34
really,fascinated,31
to,finger,96
to,meter,34
as,age,371
how,air,23
also,aim,23
by,aid,60
not,borrow,46
also,computed,35
some,flight,23
not,concentrate,79
ever,became,79
to,ape,52
for,navigating,59
part,art,23
to,arc,34
within,arm,106
simply,ask,99
always,ate,51
to,awe,50
not,detract,98
to,photograph,927
necessarily,bad,100
no,bag,33
no,bar,35
not,ban,70
to,bat,422
for,bed,483
to,pervert,27
never,bet,28
not,black,248
for,bid,61
to,bin,85
virtually,eliminate,46
some,bit,50
to,clutch,85
say,boo,25
not,bow,48
to,box,274
by,bob,157
not,imitate,32
to,bus,90
simply,buy,49
by,bud,23
to,bug,110
faithfully,executed,27
quickly,disappear,28
sharply,angled,28
to,cap,382
some,car,52
soon,can,76
as,cat,30
to,blaze,57
not,clarify,34
not,digest,23
to,con,146
some,cop,23
but,cox,28
to,cow,53
scientifically,proven,59
without,compromising,298
no,cry,23
to,tucker,39
finally,cut,30
to,cup,137
fairly,smooth,31
to,cue,66
completely,blank,26
not,blame,301
not,finish,264
to,blast,304
for,stroke,117
to,dab,65
to,dam,68
to,counterattack,67
quite,fast,40
to,fate,53
as,concrete,71
really,dig,33
soon,die,49
literally,did,43
to,dip,397
some,dim,29
not,elicit,31
to,don,560
to,dow,29
by,dog,23
widely,diffused,30
too,dry,222
probably,fail,31
really,fair,79
slowly,fade,31
not,face,299
freshly,dug,55
how,smart,300
to,dye,109
by,farm,37
fully,enclosed,45
not,fare,126
generally,fall,43
not,fake,54
not,examined,118
for,fame,143
for,lavish,23
to,ear,292
usually,eat,34
necessarily,translate,89
not,contemplate,39
as,egg,30
usually,end,107
not,coincide,105
hotly,disputed,34
down,cycle,23
for,luring,32
as,eye,39
ideologically,driven,62
without,stripping,23
to,bristle,30
quite,narrow,37
to,goose,52
almost,dropped,74
no,fax,27
no,fan,130
to,swirl,103
also,fed,45
no,fee,114
quickly,moved,148
for,polish,58
barely,fit,50
not,fix,94
to,snoop,76
fully,trust,24
no,fly,70
to,fog,52
never,hesitated,91
to,fox,192
not,swing,32
to,snore,62
to,fry,274
to,snort,49
for,fur,27
as,fun,173
to,mouth,225
not,mature,70
not,mourn,30
to,trump,110
to,mount,1332
also,tapped,33
no,truck,50
as,taboo,23
to,gag,97
no,gas,127
no,gap,36
to,gel,66
suddenly,get,65
to,gin,38
never,fear,102
freshly,mowed,26
not,transcribed,440
gently,curving,38
to,package,713
between,husband,108
between,matter,42
ultimately,got,40
by,compiling,24
not,weaken,52
as,feed,30
some,gum,32
no,gun,167
by,guy,87
to,gut,162
yet,feel,42
to,hay,23
repeatedly,raped,37
some,ham,31
no,hat,63
to,hem,41
not,endear,38
never,hid,30
never,hit,262
not,resort,41
to,ration,92
not,flinch,89
to,hog,36
to,hoe,79
elaborately,decorated,64
to,battling,28
some,damage,283
to,hum,162
rapidly,deteriorating,40
to,hug,757
to,skateboard,27
for,inciting,40
for,imaging,76
ever,imagine,214
quickly,fell,77
instantly,felt,28
not,oblige,24
not,accompany,47
some,ice,260
to,pleasure,130
to,scrape,541
to,ink,38
by,discouraging,50
also,argue,245
for,stomach,34
developmental,disorder,39
for,supervising,43
to,jab,64
to,jar,52
to,jam,242
today,despite,26
to,jet,59
really,addressing,24
also,arrange,33
not,resign,83
to,dredge,145
to,jog,167
out,job,24
some,joy,31
to,jot,111
not,reside,58
ever,staged,30
never,remarried,58
not,sweat,29
solemnly,swear,134
not,sweep,28
not,obey,83
for,pocket,27
not,resist,440
for,key,217
to,ken,234
not,kid,76
not,dreaming,60
really,serve,24
not,venture,79
dramatically,increase,139
not,firm,23
not,fire,156
not,file,105
not,fill,127
some,film,82
again,find,40
absolutely,fine,65
never,lay,35
to,lag,135
to,lap,59
personally,led,27
some,leg,28
always,let,129
simply,lie,23
not,obstruct,26
already,lit,24
to,kindle,37
for,falsifying,25
already,arranged,42
no,wasted,25
to,lob,39
quite,low,205
to,integrating,48
not,shaking,33
to,phrase,120
but,decide,45
to,consummate,64
to,mat,26
to,mar,87
to,may,467
quite,mad,33
to,map,710
to,man,951
yet,met,60
not,fish,43
not,disputing,34
some,mix,25
sexually,abusing,127
for,invading,86
to,mob,27
to,crouch,84
to,mop,154
by,surface,53
to,mug,48
by,mud,26
for,table,50
for,flute,23
to,copyright,68
to,nap,133
to,nag,85
as,causing,50
not,extradite,23
generally,range,29
also,incorporate,78
but,net,56
though,police,42
no,motor,26
never,dreamt,34
to,nip,135
please,advise,37
not,soften,28
to,fluff,35
some,nut,44
for,flow,40
to,flip,522
post,position,24
to,measuring,104
by,elaborating,23
to,railroad,48
nights,off,31
midnight,oil,62
always,pictured,42
never,flew,42
already,fled,46
not,flee,59
not,opt,33
some,flaw,25
not,advocating,136
down,flat,109
finally,taken,79
not,differentiate,107
quite,out,75
not,owe,43
already,own,224
not,prescribe,52
for,craft,47
for,humor,81
to,crane,79
to,cramp,60
not,pat,23
not,pan,31
not,pay,1158
to,paw,44
to,pal,23
to,beard,23
not,starve,26
to,pet,288
to,peg,71
to,pee,468
to,pep,23
for,crash,26
to,tally,114
not,withstanding,86
probably,result,44
to,pig,38
to,pit,145
not,resume,44
to,pin,843
also,admire,31
to,psych,33
for,charter,61
no,beach,23
some,pop,41
some,pot,33
to,armor,26
merely,stared,32
almost,put,60
not,crack,48
by,ringing,23
to,cooperating,23
for,equal,348
to,tammy,52
to,crawl,942
freshly,scrubbed,33
no,ghost,42
to,foul,76
to,foot,502
also,ensured,24
not,fool,45
to,rap,201
for,ford,38
almost,ran,85
to,fork,143
to,ram,163
by,ray,189
to,rat,80
to,groove,32
eventually,form,28
by,circulating,33
some,red,181
no,script,47
to,rig,166
not,rid,32
to,rip,702
to,rim,29
slightly,charred,26
not,rob,29
to,row,188
to,rot,321
not,divulge,57
to,foam,37
genuinely,puzzled,29
gently,fold,125
to,rue,27
to,rub,830
some,run,30
to,tango,109
also,arose,26
to,foil,140
to,stutter,48
highly,rated,164
increasingly,recognized,91
to,sap,37
merely,say,27
soon,saw,61
slowly,sat,28
to,fuller,27
already,set,269
not,reproduce,77
how,sex,30
quite,see,123
also,penned,23
to,malign,35
painfully,shy,82
developmental,process,112
actually,sit,78
as,sin,108
greatly,reducing,51
to,flicker,92
as,sky,26
some,ski,26
to,sob,237
earlier,visit,31
to,sop,56
to,sow,176
to,spy,456
not,preempt,24
to,sue,2070
to,sum,421
some,sun,61
not,affiliated,140
for,transferring,103
highly,motivated,325
not,tap,26
for,tax,843
to,tar,61
to,tag,244
not,arise,165
for,ted,411
e,tee,28
no,bullet,32
not,tie,47
not,tip,23
thereby,eliminating,59
to,toy,95
to,tow,179
to,top,1343
not,okay,160
also,try,458
some,obscure,138
to,tug,165
some,videotape,63
to,weary,24
by,betting,43
without,achieving,30
fully,fledged,30
to,taint,51
as,cannon,30
why,use,87
mostly,free,24
suddenly,exploded,24
not,scream,52
not,prejudiced,29
for,screen,24
to,backfire,82
not,gotten,379
to,vow,24
some,lipstick,24
as,camouflage,32
for,terminating,35
contra,war,36
to,wax,121
not,manufactured,24
as,wet,86
for,web,37
as,flesh,36
for,wit,26
eventually,win,33
finely,ground,181
to,woo,436
never,won,457
say,fuck,32
for,fuel,496
for,differentiating,33
not,amount,106
to,tumble,167
to,fleet,30
also,spurred,39
to,detour,50
necessarily,guarantee,34
actually,open,39
not,negotiate,152
not,explored,74
without,full,67
some,fund,25
also,enhance,108
to,trend,25
before,exploding,24
always,treat,27
without,fuss,36
carefully,preserved,52
recently,upgraded,26
perfectly,timed,49
also,characterized,94
by,sensing,24
not,violated,67
by,hiking,55
slightly,rumpled,23
never,abandon,53
to,zip,130
actually,originated,25
not,entertain,44
not,collapse,59
to,choke,462
to,preface,50
not,panic,95
to,snare,139
to,flick,100
for,aggravated,65
no,tongue,23
to,snake,58
to,segue,30
fully,utilize,26
midnight,snack,41
not,introduce,75
without,exposing,49
before,advancing,26
also,retain,26
for,retail,146
also,characterize,24
to,flare,99
no,flash,34
by,knight,24
to,flame,53
not,risen,69
for,upholding,34
for,nasal,24
not,notified,38
some,answer,37
some,bullshit,26
to,plunder,86
finally,collapsed,32
for,trash,80
not,speculate,64
no,machine,49
to,tramp,23
as,seals,24
for,urging,26
by,trade,349
to,trace,1213
also,track,33
for,texture,48
not,train,42
to,trail,143
no,dancing,40
by,scoring,156
clearly,articulate,29
by,easing,31
for,misuse,31
not,complying,81
not,organize,29
not,broadcast,43
to,moonlight,33
to,chill,328
by,highlighting,120
actually,stayed,25
for,celebrating,75
also,illustrate,49
developmental,model,31
for,modem,34
not,correlate,141
between,rival,158
by,behaving,36
some,paint,46
not,torture,64
before,receiving,115
always,thought,2324
for,separating,55
not,decipher,27
also,collaborated,40
to,paste,57
quickly,assembled,26
not,cancel,51
to,utilizing,23
not,appoint,38
no,romance,48
easily,transferred,28
to,flock,75
to,pierce,271
not,float,33
some,sense,2002
not,convinced,696
to,title,98
stone,floor,246
not,flood,26
by,mortar,25
to,ridicule,206
not,exhibit,139
to,patch,316
not,pursued,69
to,chuck,205
to,swamp,62
to,troop,34
newly,paved,27
actually,raise,38
for,maximizing,69
to,troll,55
for,flour,24
not,obliged,81
together,butter,35
ever,flown,47
for,scaling,28
not,pause,46
to,broadcasting,45
to,button,94
not,alienate,33
basically,gave,36
to,rebuke,56
to,gate,36
not,indict,29
now,averaging,26
to,gaze,471
for,grieving,30
for,bodies,82
also,detect,31
almost,triple,30
never,retire,29
also,interfere,26
for,wholesale,48
overtime,game,23
for,prescribing,30
not,delegated,27
now,gang,36
no,gain,147
as,horrified,36
to,cement,218
simply,tried,31
some,trick,68
currently,undergoing,54
always,tries,70
ever,finding,38
to,hector,78
eventually,chose,26
not,locate,66
to,displaced,27
never,advocated,29
never,giving,76
to,fling,177
to,trickle,168
without,advance,30
for,radio,323
badly,bruised,53
for,friend,24
for,removing,284
but,paper,25
also,suffer,141
for,declining,53
not,seize,26
to,fudge,58
to,filibuster,108
to,sneak,1067
for,exchanging,42
also,conclude,26
to,sneer,61
to,balloon,51
to,gear,137
actually,helped,162
never,charged,157
before,escaping,36
never,mention,122
never,aspired,24
to,putter,27
slightly,curved,41
not,apologize,98
not,invade,62
genetically,engineer,26
some,offer,83
for,overcoming,117
by,regulating,65
no,detail,99
to,intrigue,49
extremely,tired,33
not,produce,794
for,articulating,48
to,fumble,88
but,grace,60
for,grade,123
not,pack,29
to,pace,350
eventually,include,24
always,eluded,27
actually,provide,75
not,fixing,30
actively,promote,41
to,proving,64
to,splash,154
always,accompanied,77
to,hurdle,24
not,suppress,53
closely,resemble,207
to,lunge,70
no,flavor,37
some,lunch,120
to,pair,242
some,pain,187
to,hammer,416
to,twitter,35
to,dwarf,50
by,palm,38
by,pale,23
by,page,83
by,grain,26
eventually,paid,34
but,grass,26
quite,grasp,53
no,part,790
not,pass,661
to,park,809
not,seized,23
to,grave,91
for,fatigue,35
to,grant,1705
summer,holiday,46
for,butler,36
for,gift,51
also,release,35
also,provoked,32
to,gill,23
to,revitalizing,24
to,whitewash,46
to,wrinkle,39
not,dictate,89
thereby,minimizing,24
clearly,delineated,101
not,invent,110
severely,depleted,31
between,initial,29
to,network,300
not,succumb,82
no,uniform,57
somehow,people,27
but,increased,83
comfortably,ensconced,23
voluntarily,give,24
for,cleansing,24
by,sound,106
not,conquer,23
not,invest,100
also,served,876
for,peak,67
not,induce,38
not,disarm,26
to,peck,71
not,deign,27
not,crush,23
not,employ,113
to,cache,28
to,caution,146
to,peer,879
to,peel,508
no,cable,38
for,landscape,61
not,hamper,23
to,antique,29
for,invoking,23
r,crumb,74
as,devastating,92
to,glue,84
no,function,30
to,vault,51
almost,giddy,53
to,glow,402
not,unified,29
to,perk,115
not,infringe,60
before,blowing,26
certainly,glad,28
not,contributed,30
for,dredging,48
finally,arrive,54
vividly,illustrated,28
to,nurture,677
for,liberating,25
by,blending,69
not,bounce,27
also,instituted,48
by,gentle,28
also,invite,48
not,dominated,54
not,encourage,252
as,involving,105
physically,abused,178
not,undertake,67
to,yank,249
certainly,consider,31
to,entrance,25
developmental,delay,70
but,gore,89
for,pike,25
to,compound,136
to,golf,300
not,intimidated,87
days,gone,125
no,pity,49
to,piss,270
already,paying,101
slightly,pink,39
not,degrade,28
to,pine,88
for,pipe,23
also,benefit,285
not,placed,87
maybe,pick,26
deeply,embedded,222
immediately,goes,24
for,curing,91
for,disseminating,66
not,disclose,306
to,recess,39
also,highlight,75
never,ventured,54
not,plead,37
never,cared,194
not,debate,34
not,arrest,45
not,yell,24
to,lawyer,37
also,comment,24
highly,politicized,135
not,invoke,50
some,manufacturing,33
to,mellow,64
not,hesitate,537
for,appreciating,30
for,illustrating,33
no,plot,46
not,promise,112
artificially,inseminated,35
really,relate,63
to,plug,665
also,underscore,36
actually,grew,59
usually,play,49
to,grip,272
to,grin,162
carefully,plan,24
as,triumph,27
by,gray,73
to,carol,62
easily,carry,25
not,grow,360
to,grit,34
hermetically,sealed,164
for,volunteer,73
but,green,87
probably,closer,93
not,override,37
not,dwell,134
really,hitting,31
not,prosecute,54
not,uphold,23
no,return,517
also,brought,637
to,mortgage,84
as,founder,70
for,analyzing,309
vaguely,recall,25
not,endanger,39
never,scared,27
no,murder,92
to,pout,28
carefully,pour,47
mistakenly,believed,33
as,port,25
also,pose,71
not,post,30
not,exaggerating,82
for,initiating,120
for,command,53
almost,perfect,190
not,discriminate,277
not,deter,187
not,dispute,126
to,gulf,32
by,guns,89
recently,reissued,27
before,enrolling,51
no,pool,28
today,poll,77
to,pole,65
not,manufacture,34
to,poke,422
not,debating,26
before,fleeing,53
actually,bought,59
by,plane,187
for,plant,214
some,candy,76
to,cushion,218
too,plain,41
also,place,71
now,dating,26
by,canoe,85
not,communicate,149
together,vinegar,49
instantly,recognize,34
to,overeating,27
always,relied,52
to,prey,151
never,cried,95
also,pray,26
not,record,121
also,denounced,36
by,season,112
to,relish,215
really,taste,28
to,taunt,143
some,ginger,23
to,disguise,566
for,cultivating,54
also,combined,25
recently,wrapped,28
for,search,69
to,diminish,820
d,prop,23
for,crisp,50
to,diffuse,194
to,sober,73
for,scrambling,23
by,circumstance,63
to,composing,28
not,deceived,32
strongly,negative,30
to,subordinate,138
to,target,1430
publicly,disclosed,33
for,liftoff,31
not,advertise,55
to,pulp,43
slowly,pull,60
to,belly,56
to,puff,94
by,qualifying,26
not,perform,420
not,design,55
as,desire,24
no,judge,59
not,entail,113
to,plague,179
gently,push,41
to,punt,76
to,pump,998
not,weigh,49
to,murmur,61
now,york,23
by,pipeline,42
soon,realize,62
to,crest,65
for,characterizing,31
fully,investigate,26
not,believing,203
for,cream,27
to,creep,319
to,beware,110
greatly,impressed,31
not,compelled,50
also,recommend,120
to,coordinate,1398
to,undermining,24
eventually,began,62
newly,remodeled,41
not,hurry,27
not,voting,161
to,handle,8157
for,transit,59
scarcely,begun,23
to,lounge,53
not,relent,35
without,citing,23
immediately,begin,95
suddenly,snapped,24
adequately,prepare,50
to,welch,23
simply,vanish,38
no,harm,1155
by,elevating,63
to,harp,39
to,hash,78
some,fantasy,24
really,hate,244
to,hank,26
to,hang,4270
stone,hand,26
to,frequent,228
as,prejudice,24
by,advising,45
to,hawk,78
not,survive,963
for,desert,105
to,champion,247
to,hail,155
to,stockpile,100
not,halt,45
to,hale,44
to,bubble,171
as,identifying,56
neatly,organized,33
not,defer,24
to,berry,27
by,agreeing,293
specifically,excluded,47
gently,stroked,24
to,reissue,23
morally,justified,47
for,garnish,748
by,degas,35
not,meddle,24
some,advantage,75
heavily,industrialized,38
not,sweating,25
properly,understood,131
widely,traveled,29
some,powder,33
as,head,1447
rarely,hear,47
to,heap,57
no,heat,181
never,heal,48
not,prohibit,140
summer,cabin,25
not,specify,345
not,despair,58
not,disclosing,54
to,credit,483
actually,solve,29
without,acknowledging,121
for,graduating,25
modestly,priced,61
quickly,create,23
fully,compensated,25
effectively,implement,33
commonly,observed,33
nearly,collided,28
also,travel,26
but,judging,119
not,govern,58
no,measure,52
no,condition,115
to,reprimand,71
eventually,succeed,26
to,helm,25
never,help,29
barely,held,47
to,fingerprint,27
no,heed,139
by,spitting,26
to,herd,148
for,schedule,41
not,erase,91
to,bench,54
also,figure,63
also,value,42
freshly,chopped,25
stone,structure,58
ever,dealt,61
hereinafter,cited,34
for,rescuing,56
not,provoke,47
to,banter,28
sometimes,caused,27
publicly,apologized,29
not,ensure,169
to,decay,165
no,priest,46
specially,formulated,56
for,perfume,24
by,chasing,42
also,direct,31
to,croak,38
to,putting,395
not,hide,272
not,intimidating,28
to,stonewall,59
down,hill,35
to,hike,614
to,bottle,95
never,cross,48
no,bottom,57
not,crowd,28
to,crown,96
not,swallow,50
never,sleeps,118
also,celebrate,50
not,replacing,47
to,conjecture,33
not,satisfy,241
to,pepper,43
for,hire,316
also,fueled,51
to,hint,145
to,sentence,134
by,emphasizing,349
for,censure,39
not,supply,111
to,plaster,45
not,enforced,66
to,buffer,133
some,supper,42
to,ornament,25
for,doctor,72
for,restructuring,94
by,scandal,91
no,evidence,4537
to,kidnapping,32
not,bragging,26
to,jelly,47
by,doubling,56
neatly,trimmed,130
not,indicate,448
not,linger,63
truly,integrated,42
effectively,manage,69
really,don't,60
largely,hidden,48
for,wading,31
some,vacation,26
always,smiled,38
directly,compared,32
never,ruled,31
not,borne,73
never,achieve,96
not,trouble,92
already,bored,27
for,overseeing,94
out,home,26
certainly,hope,505
to,hood,23
by,hook,43
no,hole,30
some,hold,45
some,divine,35
not,interpret,70
to,shampoo,35
to,hose,29
to,host,1251
to,x-ray,58
not,confer,59
clearly,articulated,127
not,benefiting,23
to,puree,33
to,purge,301
not,deteriorate,28
to,spray,358
to,hock,24
no,interest,1743
also,challenge,60
for,outreach,37
by,helicopter,342
vehemently,denied,69
some,legitimate,90
rapidly,developing,119
by,double,113
some,closure,73
to,cuddle,108
typically,operate,26
to,divide,1329
not,penalized,34
before,committing,123
not,accumulate,28
without,shelter,36
statistically,analyzed,27
now,created,31
barely,afford,53
closely,bound,31
always,intrigued,35
sexually,abuse,33
never,materialize,24
not,resonate,32
to,shell,314
widely,dispersed,150
before,passage,24
no,salary,80
to,sheer,64
not,invalidate,42
by,waving,66
to,funnel,198
to,serenade,41
to,shear,48
but,jess