Noun,Verb,2GramCount
being,besieged,26
be,reevaluated,57
and,copper,391
and,rebuild,303
and,mystified,25
how,confused,25
be,distributed,575
and,saint,55
and,dislocated,45
be,invaded,59
and,relocate,63
and,enforce,404
and,radiated,38
and,sabotage,99
plant,site,33
na,sing,53
quarterback,josh,32
spider,silk,36
as,fashion,87
and,silt,79
being,spoken,102
and,glove,47
carbon,sink,40
classroom,size,34
psychology,bulletin,26
and,fumbling,49
morning,breakfast,29
by,manipulating,198
of,ballot,54
by,consolidating,66
be,inconvenienced,41
can,skew,24
and,pillage,55
and,shutter,38
of,alleviating,51
of,skid,32
and,skim,71
get,skin,26
can,skip,136
and,swiped,42
airport,shuttle,38
dab,a,32
dr,x,101
assessment,survey,31
and,cricket,37
be,awed,38
and,solidify,60
can,refine,24
and,utilized,114
and,slit,75
door,slid,128
stay,slim,39
will,slip,142
and,refill,43
and,varnish,51
can,descend,42
and,sled,26
can,tweet,24
and,wreak,39
pci,slot,27
go,slow,200
car,wreck,246
and,infuriating,40
will,transmit,40
be,stirred,33
study,comparing,110
play,scrabble,30
and,tweak,38
and,ignored,380
door,slam,198
and,slap,185
and,slay,30
stone,slab,40
while,noting,70
knee,brace,39
cause,brain,46
and,edged,127
and,braid,37
and,localized,65
by,brand,48
may,believe,298
and,merging,57
and,willy,48
emergency,brake,97
must,tackle,30
and,nosed,34
now,acknowledged,31
by,sally,107
communication,channel,25
sea,slug,30
of,slum,34
and,strangle,37
and,notify,59
being,canceled,44
and,normalized,24
training,exercise,129
and,cajole,41
might,notice,102
and,rutted,23
and,whined,77
and,compute,27
sugar,substitute,44
and,snip,27
and,lunged,114
by,stimulating,112
room,service,528
and,snug,80
nail,lacquer,42
corn,snow,27
and,relayed,59
be,decoded,42
and,widow,58
and,grumbled,34
can,guess,328
house,guest,57
and,stroking,80
and,snap,248
can,assign,57
can,snag,39
as,letting,38
house,sold,27
cockpit,sole,31
and,solo,86
and,assist,415
and,soot,80
as,soil,89
and,reinvent,44
and,routed,54
cup,sour,223
and,conversing,40
be,sown,24
and,reinvest,30
of,fleece,38
of,escape,509
am,frustrated,26
deputy,minister,98
be,diversified,30
do,sort,42
and,commenced,77
and,navigated,23
court,document,35
no,quarrel,136
space,junk,68
will,jump,234
will,soak,26
hand,soap,31
can,soar,68
woe,betide,29
be,renamed,112
and,sock,42
can,wield,38
and,craving,29
roof,terrace,28
parking,spot,227
and,greased,23
and,duplicated,23
will,tempt,29
and,inhale,84
of,summarizing,24
and,disintegrated,25
might,persuade,47
and,glorified,29
being,spun,39
will,spur,107
and,deport,50
and,span,55
and,spat,277
be,avenged,27
and,spit,403
of,injuring,25
electron,spin,33
and,complicating,24
and,spew,24
car,sped,46
will,guide,255
and,destroy,917
and,tense,192
and,peruse,31
three,minute,32
of,glory,524
lip,gloss,307
of,approving,55
and,gloom,228
and,interrupt,57
will,multiply,40
photo,caption,43
and,donned,63
texas,twang,30
and,clutter,48
women,avoid,32
snow,globe,93
of,conspiring,162
and,amuse,33
and,avenge,23
stop,arguing,31
and,whittle,28
and,flaring,27
minutes,yield,87
and,conceal,66
course,catalog,25
and,crammed,63
and,braised,50
be,invited,613
and,recheck,29
and,fondling,39
and,espoused,24
bone,tissue,46
once,quipped,34
and,bade,50
tar,baby,37
of,bach,221
drifting,back,84
of,border,243
be,mapped,86
can,evade,27
and,loosen,96
be,immunized,25
may,balk,34
golf,ball,417
hay,bale,34
can,bake,63
will,assert,31
battery,bank,35
blues,band,54
bang,bang,75
film,star,210
help,assess,33
and,stab,63
be,rehabilitated,102
of,assent,88
and,bail,72
and,bait,94
devil,incarnate,32
sports,apparel,32
and,huddle,32
infantry,regiment,50
cause,concern,29
christmas,concert,81
be,instilled,26
and,validate,105
intelligence,reform,70
will,concede,78
employee,pension,108
can,deploy,48
of,raging,59
by,default,532
am,terrified,51
will,exploit,39
sea,witch,24
be,receding,24
pork,roast,112
will,collide,38
being,coerced,42
can,explode,55
can,embrace,90
pay,stub,31
diamond,stud,44
and,suck,198
might,explore,52
be,invalidated,33
and,manipulate,241
phil,ponce,26
water,bath,144
and,spouse,59
birthday,bash,82
and,bask,48
vegetable,stew,63
may,stir,23
and,ambush,27
by,generating,134
children,stay,53
ms,barr,35
help,stem,39
will,step,358
and,appreciated,264
dogs,bark,47
navy,base,37
and,retrain,37
and,trumpet,56
and,barb,67
and,paddling,43
laying,bare,54
and,stow,33
why,stop,110
can,pinpoint,145
story,changed,38
be,speculated,33
of,delight,309
three,silver,24
and,constrain,53
and,synthesized,42
will,proliferate,27
tomatillo,sauce,35
be,exacerbated,117
can,salvage,55
being,redefined,34
and,bypass,56
change,overnight,79
and,imprison,27
and,seduce,30
and,brief,330
bathing,suit,844
and,freckled,56
of,brick,312
being,taught,700
getting,sued,34
pounding,surf,38
and,sulk,27
can,bring,2889
of,brine,55
using,compost,38
being,sung,50
can,compose,31
and,sunk,100
and,evolve,136
be,jammed,43
celebrity,worship,37
and,purified,42
and,bloodied,76
and,honing,39
of,pirate,51
cotton,swab,90
and,swam,269
and,swan,35
budget,program,26
will,evaporate,82
can,swap,47
and,swat,23
will,sway,23
may,preclude,36
and,brave,251
and,depict,26
and,dangled,72
may,convince,26
street,brawl,23
voice,startled,55
be,differentiated,120
as,guiding,37
and,schneider,50
and,dismiss,101
gag,reflex,45
transfer,control,28
conveyor,belt,329
fire,bell,23
be,resuscitated,35
car,flipped,26
and,empathize,34
can,bend,117
and,voicing,30
be,amputated,47
three,best,126
and,scuttle,23
and,evoked,26
and,waxing,29
of,stating,56
immigration,station,23
of,sponge,32
of,humble,120
must,evaluate,49
eyes,glued,123
and,swim,330
of,typing,103
power,switch,81
of,forage,65
no,compromise,160
and,overweight,101
once,been,1628
beep,beep,25
roast,beef,405
der,beek,49
be,challenged,696
will,bear,393
might,beat,42
x-ray,beam,31
vanilla,bean,252
of,bead,23
and,write,2395
can,twist,68
and,wring,44
and,infused,60
mountain,retreat,34
and,penance,28
and,twine,45
and,poise,77
president,promised,61
business,lending,30
and,twirl,54
and,legitimated,23
may,decrease,134
will,disagree,79
and,revising,120
may,point,121
scores,reflect,59
god,forbid,289
congress,mandated,38
and,trigger,153
now,occupy,64
and,conserve,104
while,consuming,26
of,intriguing,81
now,depend,31
and,occult,25
and,cradled,93
be,swimming,70
being,terrorized,28
and,poked,236
and,cascading,45
army,captain,73
can,facilitate,250
and,reevaluate,34
and,understated,74
people,survived,49
and,propelling,30
be,relegated,133
spoon,bread,42
tax,break,629
can,circumvent,24
can,retrieve,48
of,sync,300
and,grabbing,209
while,recognizing,163
can,breed,92
may,motivate,40
of,needle,63
will,collect,161
and,bicycle,114
feet,slapping,25
can,propose,41
but,determining,31
and,behaved,74
of,conceptualizing,69
be,assassinated,63
and,summarize,42
and,cured,94
keep,feeding,42
program,redesign,36
and,grumbling,45
campus,crusade,49
and,nodding,196
will,continue,10605
water,hazard,39
and,battle,165
geiger,counter,95
playing,blackjack,31
of,inducing,73
and,batted,77
muffin,batter,30
situation,deteriorated,29
and,amend,37
show,featuring,110
no,conflict,216
might,bite,34
conference,scheduled,25
and,budgeting,65
and,hurtled,33
now,admit,41
depth,contour,53
can,dominate,111
can,relax,292
and,relay,69
eddy,curry,41
will,preside,72
as,indentured,27
wake,forest,809
and,compile,46
and,gluing,28
bell,curve,191
estimation,bias,37
family,curse,24
climate,bill,76
can,legislate,27
road,bike,231
and,bind,93
and,bing,48
and,fanning,48
and,sawing,28
and,rummaged,94
plea,bargain,564
women,participated,44
and,honour,24
and,complain,235
be,retried,55
can,donate,77
pint,glass,25
casino,gambling,200
media,glare,25
and,diversify,67
and,gestured,337
no,avail,702
stay,upright,74
and,patent,82
of,escalating,114
and,repackaged,23
being,carved,31
and,deflated,26
girl,kept,32
and,kern,30
might,forget,84
mr,kemp,284
and,forged,101
life,imitating,50
and,venturing,26
mr,kent,32
and,waddled,34
and,tease,73
can,maximize,74
can,generalize,34
and,blah,69
time,forgot,29
and,bulletproof,29
and,adore,50
of,influencing,127
and,esteem,68
can,renew,31
can,adopt,137
be,assimilated,97
and,depart,90
eyes,glaze,91
be,sited,41
and,counsel,201
of,simulating,27
help,teach,90
will,analyze,181
and,disregard,78
and,keen,88
do,keep,125
and,hamstring,30
and,blur,55
and,luncheon,34
and,doubled,145
be,handled,854
and,embraced,345
hair,blew,31
being,retired,30
and,unload,90
now,refer,35
and,shoving,250
and,commuting,65
can,unlock,27
and,computerized,104
and,blot,44
will,blow,227
battle,tank,25
be,undermined,171
wine,tasting,135
be,buying,340
be,irritated,41
now,compete,35
can,ignite,45
file,tape,45
family,take,23
and,tame,64
and,tamp,24
and,endorse,88
boy,shrugged,26
morning,talk,98
and,logged,50
of,choking,64
and,socialize,119
and,enlighten,38
water,taxi,60
writing,task,25
and,clung,126
lemon,tart,49
let,sleeping,45
be,required,3222
of,shaping,115
and,formulating,30
be,rinsed,27
congressman,peter,44
and,restated,25
thus,preserving,28
being,singled,124
and,ambled,66
and,coordinating,173
pony,tail,85
and,enslaved,51
of,premeditated,46
and,tack,60
will,complete,191
tour,boat,31
of,roving,36
will,reign,31
and,mopping,38
be,indicated,117
and,withdrew,288
na,kick,72
will,boil,48
of,microwave,85
ms,bode,32
and,bobs,26
and,pledged,170
and,reopen,46
be,devalued,33
will,withdraw,112
car,body,42
of,leasing,67
and,refocused,36
and,bleach,38
may,compare,25
and,compass,139
and,annotated,44
camel,caravan,25
now,fallen,56
bathroom,window,125
and,refuel,37
can,bestow,40
may,determine,185
will,explain,379
and,winced,102
lie,fallow,35
tax,refund,110
sunday,brunch,176
and,forearm,94
and,memorized,49
seek,refuge,114
problem,solving,2063
of,raping,209
oil,boom,174
hiking,boot,38
murder,book,27
can,refuse,106
and,bore,235
children,born,555
of,bond,195
build,bone,29
cluster,bomb,41
lightning,bolt,266
fiesta,bowl,65
and,accusing,90
can,kiss,128
village,church,46
mr,kite,28
will,constitute,96
must,kill,51
and,hummed,76
pit,boss,41
jerry,king,129
being,urged,94
crossing,guard,59
will,accommodate,108
be,flogged,26
can,recreate,35
get,stolen,27
stop,further,30
be,accelerated,104
and,tripled,59
persian,carpet,46
be,reset,42
of,mixing,252
can,upload,46
and,sidled,39
be,invalid,45
treasure,island,50
group,format,35
and,motivating,103
of,resin,58
beauty,contest,181
out,fighting,47
of,hazing,62
recognition,factor,23
and,mediating,47
and,brew,46
and,bred,242
and,saber,26
abortion,counseling,56
can,brag,28
telecommunications,company,148
sobriety,test,30
rosemary,bray,23
life,term,53
and,enforcing,208
data,warehouse,71
can,glide,31
by,continuing,334
of,compact,126
hat,brim,65
and,turmoil,115
will,regain,63
tournament,team,31
can,tear,93
circus,tent,59
and,tend,500
no,regard,197
information,transfer,126
ta,tell,172
bit,confusing,31
and,certify,45
engine,noise,101
be,immortalized,31
and,treble,25
study,coauthor,47
by,disgruntled,40
and,dappled,24
and,escalate,32
and,deliberate,312
criterion,referenced,29
might,differ,92
of,giggling,50
and,reuse,133
and,deep-fried,45
of,parachute,26
getting,discouraged,28
crowd,loved,26
and,transcribing,28
be,energized,37
eyes,sparkle,52
and,improvising,68
by,moderate,37
can,unleash,31
and,emulated,33
by,denouncing,43
and,reviled,51
and,restructure,69
b,lower,42
at,bringing,124
wildlife,reserve,25
and,dehydrated,60
and,pestle,146
two,knee,23
of,solace,107
and,widen,73
must,contend,168
studies,content,36
difficulty,conceiving,28
being,pummeled,27
be,balanced,428
children,knew,67
will,ignore,83
and,knit,66
and,thaw,32
and,revel,56
being,satisfied,54
and,underachieving,23
science,institute,30
and,forward,542
will,please,123
and,bulk,141
can,bump,24
and,detonate,34
breaking,loose,52
pit,bull,354
history,buff,69
jerry,buss,30
oil,bust,46
and,busy,221
security,ties,32
can,bury,66
put,bush,24
pork,butt,35
and,tidy,188
flood,tide,46
fuel,burn,27
and,tick,28
and,rendezvous,32
door,knob,70
get,tripped,23
community,know,43
and,knot,55
and,grabbed,1524
and,respiratory,269
wear,thin,61
ken,buck,50
be,emphasized,452
help,contain,40
might,deliver,25
be,annihilated,38
be,indulged,24
wedding,present,138
and,bathed,109
be,resettled,32
and,glitter,104
authors,describe,56
heroin,overdose,58
might,reply,26
and,disheveled,84
of,buzz,161
get,ting,28
and,loped,38
and,mobilize,111
and,repel,37
can,repay,37
television,time,91
sleep,till,39
can,tilt,28
ceiling,tile,31
of,mobility,230
and,rapped,74
and,tire,116
as,constituting,69
and,focused,948
color,contrast,57
and,wagged,73
and,evoking,31
and,uplift,31
people,criticize,51
of,dismantling,76
fold,hemorrhage,33
will,falter,25
and,throbbing,45
union,contract,58
be,consolidated,96
howler,monkey,24
eyes,gleam,28
of,spoiling,28
can,glean,47
but,caring,28
help,avert,31
of,redding,25
and,tapping,130
w,contact,79
of,malfunction,25
and,gassed,23
and,cooper,190
may,attribute,23
and,liberate,59
and,drizzled,34
van,winkle,148
and,subvert,34
be,pursuing,103
and,clinging,78
and,energize,45
be,emitted,31
european,commission,82
come,charging,36
laser,resurfacing,29
radio,address,309
words,suggest,25
will,elaborate,25
may,enact,25
and,fretting,37
of,submitting,82
and,inflame,28
and,toppled,80
and,enticing,56
of,pitting,26
and,concentrated,328
and,powdery,37
no,campaign,79
and,inflate,39
no,inventory,33
and,patted,560
two,baking,27
majority,stake,66
and,trench,47
and,stain,60
and,stank,26
government,waste,128
fruit,stand,73
meteor,crater,84
and,purging,58
celery,stalk,59
shower,stall,130
and,shrank,56
of,stale,217
food,stamp,257
and,dizzy,90
baseball,franchise,24
and,stack,117
bank,staff,37
and,textured,55
and,beaver,66
tumor,stage,25
being,implicated,30
can,deceive,23
and,shedding,62
and,dislike,87
must,participate,68
and,discord,42
lee,bandy,27
let,simmer,39
can,persist,93
hang,gliding,49
be,fined,223
help,revitalize,39
service,announcement,138
and,toil,28
school,told,31
call,toll,23
freedom,fries,28
and,skipper,27
and,distress,217
as,fried,40
and,skipped,92
being,torn,236
wind,tore,30
genocide,petition,23
canvas,tote,37
and,caress,46
coin,toss,107
and,tone,362
be,exempt,209
image,took,26
learning,tool,87
and,toned,77
split,water,30
will,adhere,49
people,start,651
eyes,stare,76
business,career,101
and,rediscover,26
and,stash,40
do,watch,61
might,contribute,171
be,foreseen,35
wolf,whistle,25
help,stave,31
and,ocher,30
jersey,state,130
lawn,mowing,27
and,spying,48
hoop,skirt,25
and,outgunned,31
and,repeal,30
of,repeat,101
be,enabled,27
eyes,bugged,38
help,defuse,23
sport,skill,31
and,repent,33
start,creating,28
and,endow,25
and,tooth,57
and,glancing,100
and,skied,52
and,refining,224
help,noticing,167
and,motorcycle,69
can,tour,75
florida,recount,117
of,disconnect,23
and,joking,147
pasta,primavera,31
and,gurgling,31
master,cylinder,32
and,awoke,56
of,redefining,48
be,outlined,43
and,circulate,40
be,equated,135
and,chiseled,40
measure,progress,73
escrow,account,116
people,discuss,45
and,diagnose,37
of,modernizing,47
research,demonstrating,39
predator,drone,29
and,drool,28
and,horrifying,50
and,encircled,24
be,pruned,42
ice,skate,48
being,sampled,23
getting,divorced,182
and,quizzes,42
and,craned,48
and,wrestle,48
can,foresee,54
might,recover,25
be,rescued,353
turkey,trot,23
and,pillaged,35
and,updating,98
and,occur,53
drug,induced,25
and,rouse,29
and,trademark,139
parade,route,128
knowledge,acquired,56
and,whaling,26
and,cooing,40
by,educating,100
speed,trap,34
father,drove,91
will,drown,49
mortar,round,46
help,alleviate,204
and,amazed,111
research,trip,48
can,trim,51
and,trek,30
how,rough,52
moulin,rouge,54
hospital,district,78
pecan,tree,59
team,struggled,26
speed,freak,24
and,devastated,81
desk,reference,41
sigh,escaped,26
help,defray,100
and,merchandise,122
cream,cake,62
and,stored,592
and,pledge,62
la,cage,43
issue,featured,26
and,capturing,111
and,signified,38
and,muddy,208
by,devoting,48
time,organizing,24
and,redirect,91
and,gagging,40
and,yacht,27
and,reminisce,51
and,whisper,211
be,baked,82
can,personalize,26
mr,winter,23
report,filed,64
and,harass,76
and,stabilize,143
road,repair,23
and,subdue,36
of,patrol,47
and,rinsing,38
now,represent,71
report,card,893
help,care,73
and,stumbling,108
now,cast,29
raising,cash,24
grass,carp,28
and,cart,108
defense,case,82
van,camp,33
wave,came,72
and,token,31
altar,call,29
and,calm,667
be,reassembled,35
malt,liquor,102
and,socket,52
of,cane,101
people,cant,26
and,starboard,70
defense,shield,75
be,centralized,23
ice,cave,37
farm,fresh,33
mark,frost,42
will,touch,170
be,dissolved,114
liberation,front,66
of,turf,151
go,turn,29
may,underestimate,45
hand,froze,27
and,pacing,68
can,harbor,53
backyard,barbecue,58
and,encased,29
and,frown,28
pitching,prospect,39
authors,concluded,118
shuttle,endeavour,80
and,authorize,42
picture,tube,27
and,tuck,194
will,tune,53
and,lugging,23
and,cooperated,37
and,terminated,43
and,irrigated,24
and,imply,31
now,enjoy,112
be,resumed,51
being,slapped,43
now,regret,34
will,jeopardize,56
can,replicate,63
as,exploring,27
and,freeze,521
am,sending,62
be,accommodated,251
can,reconcile,39
be,patrolling,25
can,voice,29
bee,sting,66
and,stink,40
can,manifest,92
of,replay,23
and,shrill,67
mary,nodded,23
mouth,still,51
and,shrink,113
of,shrine,32
garlic,shrimp,34
show,stopper,23
will,accrue,45
swizzle,stick,26
information,packet,40
can,simulate,63
be,captured,486
will,heighten,30
be,forgiven,590
may,aggravate,24
and,anguish,178
of,facilitating,102
dish,towel,164
control,tower,212
by,synthesizing,25
be,maximized,50
and,twin,136
and,harden,63
and,relived,25
and,mumbling,64
be,sensed,35
and,condemn,117
will,unveil,120
make,provision,28
and,hiked,124
can,report,236
and,repose,35
be,evolving,51
be,unraveling,25
stop,kidding,24
can,accuse,61
no,soldier,25
and,dagger,67
and,reveling,28
being,eroded,74
be,sterilized,62
no,denying,503
hair,tousled,40
be,comprised,47
be,excised,38
and,rewriting,60
and,subscribe,25
by,interfering,55
squadron,commander,48
being,laid,302
and,instrument,111
might,lack,27
and,lace,257
dr,coffin,43
reservation,land,40
of,lame,29
and,lamb,189
and,difference,213
forest,type,26
honda,accord,240
and,nurturing,331
be,inundated,68
of,tyre,92
now,realized,113
being,waved,23
veal,chop,43
of,mulch,111
will,outperform,35
will,lecture,23
clothes,dryer,79
j,am,51
and,redistribute,43
ice,ax,41
care,be,39
potato,casserole,39
companies,do,691
school,chum,34
girl,go,47
amount,based,32
na,steal,23
by,steam,44
of,league,91
and,barge,24
be,fired,897
help,steer,40
let,steep,52
dr,lash,73
children,huddled,25
and,lard,38
carbon,steel,63
jersey,last,43
can,chew,85
and,releasing,237
taylor,st,28
says,chip,31
and,chin,289
setting,up,3986
and,affix,23
fireside,chat,58
and,bulging,86
be,calibrated,42
while,dining,35
can,presume,39
will,define,180
will,acquire,134
will,update,47
and,flopped,107
charlie,batch,26
and,bathe,74
can,cite,115
and,distract,64
and,shriek,31
do,engage,25
be,frustrating,183
of,collaborating,109
and,baste,55
three,fellow,26
of,waxed,150
and,improvise,52
min,total,43
and,posturing,42
be,colonized,26
and,rumble,34
and,munch,30
end,hunger,25
may,submit,41
thus,improving,47
and,alternate,106
be,interrogated,74
business,associate,127
administration,sought,44
data,interchange,40
get,labeled,33
no,grudge,44
be,approved,820
and,defies,29
and,defied,27
of,lent,72
will,lend,109
and,dodged,44
mr,levy,124
being,demonstrated,27
and,broil,111
and,invigorated,28
and,clad,38
call,seeking,32
and,broke,1147
intake,manifold,54
being,smuggled,51
of,rogue,111
and,robbing,72
grape,harvest,23
if,left,372
and,orchestrated,43
and,reapply,41
am,stunned,47
blood,lead,198
banana,leaf,34
and,leap,124
and,leak,43
and,lean,632
may,warrant,33
president,lech,24
at,controlling,105
car,club,24
no,clue,687
and,distrust,215
and,sphere,25
british,pound,46
radio,source,58
and,bejeweled,26
must,rethink,29
bodies,lying,61
be,declassified,31
leather,pouch,82
may,restrict,39
of,frenzy,30
and,brood,33
and,brook,28
and,broom,33
tape,clip,51
and,claw,129
and,clay,246
and,clam,33
and,clap,68
terrorist,financing,111
and,terrorizing,31
and,clog,29
blood,clot,226
be,inoculated,24
and,brown,1649
and,brutalized,33
of,trespass,24
and,clapped,222
pirate,treasure,30
tree,squeak,23
and,squeal,36
be,cleansed,46
be,extrapolated,68
cigarette,dangling,88
be,criticizing,30
and,recaptured,56
rat,poison,82
congress,debated,24
be,fulfilled,324
of,dread,358
and,counseled,55
people,dream,46
must,gather,31
tommy,armour,35
and,sliced,681
can,comprehend,73
motion,capture,23
and,defend,726
machine,pistol,46
by,legalizing,24
and,leather,499
and,shrunk,30
be,captivated,28
and,collapsing,53
and,wrung,67
and,mangled,40
of,specifying,32
sat,empty,46
and,chuckled,121
be,victimized,99
at,resolving,38
policy,approach,51
cocktail,dress,185
and,hunker,26
be,distilled,50
return,ticket,42
and,cock,26
family,code,56
and,mesmerizing,29
be,deceiving,149
and,mitigate,71
and,undervalued,42
fur,coat,279
will,integrate,44
using,coal,29
can,coax,34
and,tickle,44
will,establish,190
will,outlast,50
and,arousing,23
by,paragraph,23
birth,defect,122
and,banquet,32
and,occurred,53
and,waded,124
and,glanced,725
must,defeat,23
and,exaggerate,26
radio,beacon,34
and,inspiring,270
referent,power,48
people,wonder,212
and,jotted,39
of,notifying,36
using,live,37
and,distanced,35
and,pounced,33
control,list,24
as,deciding,27
can,savor,34
of,diagnosing,46
and,internalize,31
supply,convoy,29
once,saved,29
and,marble,198
president,wrote,29
and,comb,92
boat,lift,25
player,comp,61
government,come,35
goes,wrong,670
no,make-up,25
be,extradited,84
and,coop,42
na,cook,24
keep,cool,107
and,cons,706
cream,cone,149
and,coil,28
and,coin,36
be,magnified,74
and,coke,61
must,convey,33
and,lick,95
no,link,151
center,line,140
and,torturing,48
palace,coup,39
go,limp,78
of,cote,44
cup,lime,57
being,identified,193
be,begging,63
cocktail,cove,37
and,exercised,92
wire,copy,23
will,forfeit,23
and,cope,153
as,character,168
and,saute,574
effort,cost,26
tree,limb,110
bungee,cord,77
four,core,34
music,like,92
champagne,cork,30
bt,corn,54
and,populate,23
and,barricaded,27
will,elevate,36
summer,squash,152
bridge,spanning,45
and,square,379
john,birch,59
help,smiling,68
and,purpose,846
and,sawed,35
summer,squall,34
and,routing,34
and,recycle,121
and,leaped,207
be,downgraded,36
and,mimicked,26
can,overpower,30
being,litigated,25
business,savvy,65
can,recapture,34
and,cram,26
and,crap,27
and,doused,58
horseshoe,crab,63
and,visualize,56
and,tumbling,114
and,crew,868
by,anger,100
management,section,36
rain,drummed,26
no,birth,38
and,scrutinize,35
and,restrain,54
and,chopping,69
be,exhumed,27
father,drank,27
academy,award,388
and,agitated,87
and,drape,54
and,bitch,24
and,cease,63
manager,roger,23
texas,drawl,44
and,optimize,53
problem,solved,108
and,circling,73
and,saluted,94
no,verse,52
and,snapping,187
woman,leaned,43
and,shiver,39
and,fractured,75
viewing,angle,49
cover,crop,91
as,wireless,54
danger,posed,90
jim,crow,592
will,await,46
college,draft,42
while,awake,32
let,drain,24
being,defined,104
and,conferring,27
be,stabilized,102
and,petted,46
time,dimension,26
and,federated,27
being,acquitted,27
and,cajoling,41
and,reheat,87
two,planned,24
two,warring,58
will,waive,26
and,evading,24
be,changing,471
and,repress,31
search,using,43
can,neutralize,28
and,urinated,29
and,twitch,31
and,embody,51
be,attuned,47
and,dominating,62
auto,loan,43
sugar,loaf,40
and,load,286
will,flower,37
eyes,lock,86
and,nagging,28
and,packaged,138
and,applaud,112
rotator,cuff,192
by,basing,41
and,tumbled,194
tongues,wagging,23
and,cuss,23
and,curb,91
leg,curl,31
lemon,curd,103
cancer,cure,30
music,swelled,25
being,disseminated,33
choir,loft,46
be,absolved,36
of,decreasing,136
of,dirty,582
mother,noticed,38
boulder,field,30
and,dispatch,63
and,bobbing,48
says,cube,23
and,relocated,80
v,babbitt,26
and,clarifying,68
and,lugged,39
can,inflict,76
team,scored,43
once,quoted,24
company,located,24
limit,access,82
british,accent,189
and,refurbish,28
test,scores,2316
people,accept,95
dr,tiller,30
will,showcase,92
energy,consumed,44
exhibition,catalogue,84
will,verify,32
be,stimulated,95
being,shaken,70
ms,lord,89
and,enveloped,32
women,lose,53
go,long,78
and,inconvenience,71
and,testified,139
and,forgetting,170
hands,look,29
will,loom,42
and,loot,24
and,loop,72
budget,blueprint,24
be,installed,643
nick,lowe,27
say,love,26
will,outline,84
lawn,jockey,31
and,innovate,41
and,marcel,68
fall,quarter,25
will,outlive,59
and,resuming,39
and,riddled,42
and,leased,55
be,discontinued,95
and,reconciling,36
time,allotted,136
and,unrealized,32
cadmium,yellow,251
and,dispersing,26
and,allocate,64
championship,fight,42
by,applying,675
manager,frank,62
and,waggled,28
and,snowshoe,29
drainage,ditch,127
media,image,43
and,underpaid,53
cigar,smoking,45
and,frame,264
and,callous,46
and,speeding,101
being,conned,23
by,modifying,130
by,depriving,65
see,diagram,81
be,serviced,55
mr,foster,99
and,barbecued,33
and,relapse,36
no,fucking,120
will,flourish,74
be,rigged,48
be,welcome,377
sea,voyage,53
job,market,960
by,thunder,32
and,legitimized,38
and,indulge,76
being,misused,48
breast,implant,90
children,conceived,27
foot,massage,79
and,dined,118
and,shaded,103
and,sodden,30
no,shadow,68
and,sprinkle,913
psychology,graduate,46
and,annoy,23
and,intervening,47
of,enhancing,211
and,squint,41
of,displeasure,50
and,reassembling,30
rock,outcrop,40
country,squire,24
and,squirm,31
be,stealing,37
and,indulging,36
and,visionary,133
being,upstaged,23
silicon,wafer,45
and,pillaging,28
if,single,23
can,undo,61
be,slight,35
of,anticipating,60
will,usher,62
and,snoring,57
of,disdain,98
of,drift,82
may,evoke,49
wire,brush,54
of,sculpture,278
french,toast,345
will,testify,206
oz,dried,33
ed,lynch,30
and,smother,45
and,starved,61
sea,turtle,272
hay,wagon,37
be,treasured,50
and,accumulating,39
and,labour,71
victory,margin,68
breast,lump,31
be,canonized,28
be,aroused,58
and,sponsor,83
may,lurk,32
can,lure,46
be,visualized,45
and,traumatized,37
be,permitted,886
of,distributing,137
as,lush,28
and,lust,142
beer,drink,40
can,stimulate,172
power,drill,42
and,unplanned,53
and,shoulder,581
by,investigating,115
and,snorkel,30
boston,herald,55
beyond,reproach,77
and,pretend,569
million,purchase,61
joy,luck,73
people,drive,127
be,surmised,25
and,tying,141
may,encounter,176
being,stigmatized,41
how,surprised,64
of,favor,420
will,suffice,220
dog,paddle,23
and,tickled,44
and,infuriated,32
will,quote,36
and,aspiring,111
and,scoot,39
and,scoop,130
and,sling,36
and,scour,24
and,intimate,394
eagle,scout,58
of,scorn,97
sat,score,138
of,slime,57
three,phone,43
and,scold,25
and,distaste,31
lemon,slice,30
may,object,66
and,maroon,52
grace,slick,34
glass,slide,41
and,gritted,28
and,bankrupt,32
and,abstract,319
of,counterfeit,69
and,snowshoeing,32
and,telegraph,51
being,liked,39
and,bathing,96
and,dabbed,112
be,cross-examined,33
and,allocating,47
and,cancelled,24
and,assembling,88
and,discredit,50
shuttle,endeavor,26
and,speculating,42
at,varying,154
shining,example,99
and,perfumed,55
and,vintage,192
of,scrap,236
and,carpenter,82
air,assault,107
will,skyrocket,32
and,plunging,91
and,servicing,55
being,isolated,62
won,bronze,28
and,gesturing,100
can,scramble,26
be,gratified,26
and,cored,49
and,ripped,281
will,urge,79
and,counterpoint,38
and,boycott,28
and,exact,104
by,canceling,46
and,filing,134
will,limit,206
and,scrub,197
and,punctured,27
and,temper,58
and,intercept,40
now,prefer,39
be,renegotiated,55
and,halve,30
eyes,brimming,59
ball,screw,33
be,disciplined,196
be,banned,441
school,daze,36
ok,corral,35
paint,color,35
and,writhe,24
and,rejoiced,39
and,flaking,29
and,sleek,204
must,sleep,51
and,sleet,57
and,damn,159
and,damp,369
be,shamed,37
and,starving,99
and,eroding,47
and,paused,267
french,farce,23
by,dawn,184
and,dart,54
go,dark,74
and,darn,27
and,dash,137
and,scotch,41
will,dare,42
mr,pollard,36
dinner,date,73
and,styled,38
school,bullying,23
be,censured,37
and,replant,41
be,encouraging,152
be,marred,27
and,sagged,42
help,jump-start,32
be,perpetuated,43
and,inject,87
will,replace,649
might,infer,30
be,chosen,623
gas,chromatograph,31
and,marginalize,23
while,practicing,75
hallelujah,chorus,46
fish,fillet,35
father,slept,26
and,duplicate,31
and,snagged,46
and,topsoil,24
can,stretch,203
of,broken,826
may,threaten,83
sewer,overflow,28
will,gravitate,28
and,hoping,570
and,animate,33
being,shaped,94
three,overlapping,26
be,programmed,212
and,kitten,31
being,contemplated,54
of,clipped,26
will,dedicate,35
of,aggregate,73
can,preach,34
and,sanction,32
and,prostitute,29
now,referred,73
why,choose,25
bud,light,90
and,deed,101
can,defy,23
hayward,fault,31
production,deal,28
and,tangle,27
eyes,sparkling,88
and,lessen,68
poop,deck,33
longer,deny,32
and,dent,24
object,lesson,157
bob,kittle,27
action,adventure,36
and,diluted,47
of,utter,269
engineering,project,41
and,withdrawn,137
and,thrusting,61
and,canoeing,49
will,germinate,25
and,cooed,46
thus,promoting,29
der,harst,53
but,harry,117
can,delegate,24
pencil,sketch,39
and,blackmail,34
and,excavated,40
ordinance,requiring,30
agent,banish,80
and,mutilated,64
and,combating,32
laura,dern,59
death,knell,196
and,knelt,286
and,excused,66
now,resembled,26
and,scratch,141
teacher,made,86
and,admiring,97
of,haste,26
be,soothed,30
leaves,make,25
barley,malt,27
and,petting,38
and,maim,51
send,mail,23
of,postponing,32
plan,developed,36
scanning,tunneling,100
may,overlap,32
of,timber,448
will,connect,147
and,destabilize,29
street,corner,639
of,startling,67
see,inset,27
and,internalizing,69
will,oppose,111
can,capitalize,50
and,rationalize,36
will,insert,24
sunday,puzzle,107
will,examine,500
and,execute,191
will,thank,114
be,demoted,25
neutrino,mass,25
and,mate,80
breathing,mask,40
and,mash,150
at,matt,39
senator,hatch,259
and,spiced,50
and,rejoicing,28
and,forgave,28
coach,mark,135
be,hated,42
while,balancing,64
and,socialized,53
and,drugged,34
money,meant,40
corn,maze,74
engineering,marvel,38
be,appraised,42
hunting,license,99
can,dine,57
ding,ding,25
woman,caught,36
nt,bother,46
palette,knife,131
may,exist,381
housing,slump,37
and,scaring,69
of,exile,300
and,collaborate,116
and,slunk,36
color,monitor,54
do,deserve,42
swan,dive,56
be,deterred,222
and,energizing,53
winter,haven,95
and,dirk,72
radio,disc,26
cover,dish,27
hearing,distance,28
by,posing,117
minutes,marinating,31
and,martyr,30
and,unwind,41
starvation,diet,25
child,dies,70
grandfather,died,92
and,chagrin,29
feel,pressured,126
radio,dial,88
and,haunt,51
of,experiencing,285
andrew,dice,82
and,regroup,54
now,lined,27
and,reworked,46
and,lindy,37
and,scrambled,257
and,chuckling,36
people,understand,874
society,chapter,35
and,modernize,98
and,flapping,93
and,reformulated,24
and,insulate,35
and,proselytizing,25
casting,couch,28
be,scraped,43
and,emulate,38
cane,sugar,60
and,uniting,27
and,intertwined,46
and,hopped,195
and,exclude,105
be,shaved,38
mind,meld,24
project,excel,99
and,mend,49
can,melt,55
and,ripple,25
mr,mell,34
and,gallop,23
voice,choked,42
no,mess,42
steel,mesh,40
phone,filter,41
may,initiate,32
cloud,cover,294
will,bolster,53
and,cough,111
and,colliding,29
fight,could,33
tout,court,34
help,maintain,283
now,meet,89
thread,count,45
population,aging,37
and,dreamed,213
and,mean,732
teacher,licensing,24
crime,syndicate,34
be,gauged,69
can,assemble,74
by,suing,49
two,satellite,34
will,migrate,37
citizen,input,24
and,leaving,1208
and,disarray,25
companies,insist,25
will,disappoint,36
be,worshipped,26
video,segment,23
stop,whining,84
bunny,slope,23
and,approximate,33
be,eradicated,111
will,precede,25
and,paddled,73
window,niche,65
and,vail,54
and,knead,171
and,synchronized,33
and,radiating,28
will,finance,51
wool,blanket,96
and,exert,65
might,vary,54
and,kneel,66
be,internalized,32
two,surviving,50
do,respect,53
and,referee,30
and,wiggle,60
and,typed,128
and,suction,37
be,conserved,73
and,oversaw,69
chloral,hydrate,29
and,communicated,123
and,dared,76
be,discharged,185
am,referring,105
fuel,dock,32
and,terrifying,224
be,initiated,261
consultant,hired,25
three,competing,39
be,merged,87
and,calculate,120
and,preceded,27
stop,blaming,78
being,overrun,81
will,distribute,92
and,executing,132
and,patrolled,28
and,refueling,30
will,oversee,189
le,cordon,37
and,hustling,27
at,miss,55
and,mist,110
and,estranged,29
and,completing,152
test,strip,24
and,chuckle,32
rita,dove,27
and,mint,356
and,grimaced,107
diving,down,36
and,purify,43
and,evacuate,43
shoulder,strap,121
and,stray,65
and,straw,192
of,tender,197
may,derive,76
group,completed,27
and,ignited,73
rag,doll,219
senator,dole,980
must,strengthen,32
figure,does,85
be,sedated,49
and,manipulated,184
time,mike,25
and,outraged,111
be,describing,57
and,counselling,63
but,mind,26
and,dose,44
feed,mill,23
nail,enamel,35
breast,milk,467
survey,done,83
of,doping,59
dr,dong,26
no,disgrace,24
artillery,barrage,72
carrier,dome,24
and,dope,38
and,doom,147
people,enter,85
and,cooperate,167
quack,quack,52
ivory,coast,140
of,activating,23
be,conceptualized,130
be,ascribed,103
can,upgrade,51
and,hitch,26
and,tagging,34
might,glimpse,24
and,frolic,35
will,ensue,51
and,magnify,33
and,overuse,26
bench,coach,64
and,tenant,60
and,number,1496
of,neglect,486
and,strut,39
eyes,alight,37
and,fanned,104
and,babbling,30
will,drag,78
leather,vest,75
now,draw,34
and,drab,48
and,freelance,143
air,vent,76
disease,spread,42
and,outfit,25
morphine,drip,25
nancy,drew,169
and,mushroom,94
house,voted,101
and,respite,35
and,scalp,104
research,phase,23
and,scribble,26
performance,scale,37
and,probate,28
and,massacred,28
wool,scarf,34
health,scare,47
rate,declined,28
and,scant,45
report,submitted,124
now,examining,27
and,strutted,38
face,veil,25
and,intensified,130
and,vein,26
of,contaminating,24
bobwhite,quail,34
and,nudged,106
and,quake,33
der,veer,30
and,competed,89
can,sharpen,28
and,flatter,54
can,frustrate,23
and,flatten,117
and,attributed,92
be,disguised,44
lap,dance,51
people,drop,50
and,sloping,40
and,mused,26
and,loathed,27
be,devised,131
government,imposed,62
neighborhood,drug,35
and,drum,170
can,injure,39
be,shunned,59
information,exchanged,24
and,lectured,67
do,forgive,23
and,pyramid,30
companies,raised,26
and,tortured,326
of,hassle,24
came,trotting,27
sniper,suspect,28
be,fueling,25
and,reconnect,60
can,adjust,299
and,muted,88
be,defused,25
and,crumpled,130
policy,ought,31
and,donated,169
and,quadruple,30
and,suspend,54
and,vomit,72
will,hinge,72
and,fiddle,52
be,disassembled,37
and,duff,28
and,moan,106
growth,stock,74
and,sprawl,53
cotton,duck,23
of,skunk,25
garbage,dump,154
can,dunk,26
cow,dung,70
and,sprang,97
and,mock,63
but,dull,39
and,tidied,23
and,elongated,54
and,exhale,82
development,pressure,24
kiwi,fruit,39
ankle,sprain,65
and,hasten,44
be,formalized,37
and,faced,542
and,inspired,420
and,burrow,26
mr,wooden,23
and,achieved,201
and,decoding,73
and,distancing,35
texas,intermediate,45
theater,troupe,46
and,grinning,195
and,sneezed,29
may,portend,30
and,elated,30
be,purged,42
glass,display,54
waxing,moon,31
gas,stove,117
be,moot,49
cup,pitted,67
christian,view,48
can,mold,32
pixie,dust,45
and,dusk,108
taxpayer,expense,82
and,prosper,219
pumice,stone,34
and,stomp,74
house,stood,91
and,stool,40
and,stole,574
and,visa,129
and,sympathize,29
cigar,store,34
winter,storm,177
whitewater,story,25
and,faded,347
na,move,63
family,picture,51
as,purple,30
at,fancy,32
of,thread,188
must,respond,166
blood,spatter,62
no,slack,40
terrorism,threat,32
thought,experiment,77
and,demonstrate,468
community,spirit,88
and,pickle,37
death,spiral,54
and,outlaw,29
and,humiliating,102
bit,dazed,23
will,commemorate,25
decision,style,53
be,swapped,31
and,picket,29
by,assuring,69
says,jimmy,53
and,focusing,326
and,exacerbate,54
and,retrieving,74
potato,pancake,27
be,consummated,26
and,classify,78
how,damaging,84
and,slash,99
and,braking,99
of,slave,254
and,slate,126
can,derail,37
can,forecast,26
be,slain,28
million,libel,30
and,audition,30
and,renovated,96
street,slang,33
and,harness,86
will,discourage,85
by,habit,71
and,incur,23
patchwork,quilt,101
and,polarizing,35
and,merchandising,79
apple,bobbed,24
van,dyke,373
keeping,quiet,91
while,conceding,56
be,commercialized,23
and,feedback,402
and,oyster,94
will,blossom,27
be,reexamined,56
come,unglued,35
and,pursue,389
will,insure,43
of,blackberry,47
of,insult,54
and,breathe,423
and,berated,35
do,acknowledge,53
development,index,85
by,appropriating,47
will,dissolve,52
and,pursed,59
church,picnic,36
bacon,grease,55
and,ascend,45
by,stabilizing,27
glass,partition,96
can,enable,120
and,muse,33
no,muss,23
parent,must,25
can,vouch,92
and,vandalized,26
and,renovating,58
and,mute,64
and,retelling,37
and,stump,52
and,stung,59
and,stunt,32
no,disrespect,176
and,void,169
be,summarized,285
saying,stuff,42
being,stuck,223
interview,study,29
can,listen,458
of,muck,51
french,author,35
and,rustling,55
might,faint,41
and,thrash,40
defense,argued,74
and,admitting,75
and,faked,24
and,grading,127
will,rebound,71
will,convict,23
no,question,6432
and,vote,800
and,poster,48
be,coded,76
of,generalized,118
and,proportion,139
and,terraced,23
can,minimize,150
be,wrought,24
as,conduct,25
and,rewritten,51
and,cuddling,28
be,pigeonholed,33
of,queer,60
prom,queen,57
felt,relieved,133
and,coupled,46
and,galvanized,38
help,quell,27
being,supervised,30
and,plodded,23
and,decreased,338
organ,transplant,114
will,encompass,38
and,pinning,42
must,emerge,39
benzoyl,peroxide,42
be,hiring,50
study,addressed,60
will,convene,86
and,scribbled,87
by,structuring,28
and,spring,781
match,sprint,27
must,fulfill,46
will,convert,84
be,reconciled,282
rainforest,crunch,32
using,frozen,46
and,postponed,36
life,balance,30
vision,blurred,67
and,assimilate,67
and,mopped,54
and,womanizing,30
by,famed,47
and,gallant,30
being,shipped,168
print,queue,44
will,culminate,60
of,journey,42
will,necessitate,51
be,rationalized,33
be,channeled,113
be,falsified,23
and,scent,69
vision,quest,66
and,pranced,27
and,bugle,28
and,fenced,28
hands,trembled,105
oil,export,46
might,expose,23
hunting,rifle,97
be,coordinated,142
and,sanitizing,32
now,occurring,55
be,apologizing,34
and,catalogued,24
hand,clapping,49
can,absorb,237
can,enroll,43
now,buried,34
and,pitch,268
cover,letter,251
and,buries,66
can,obtain,376
at,launch,33
inline,skating,72
and,latch,40
and,exclaim,26
mother,refused,65
think,right,274
and,supervise,134
fuel,surcharge,31
and,blouse,90
will,retaliate,44
must,navigate,45
and,gamble,56
team,managed,28
and,confining,40
team,roping,31
and,prevail,38
no,easy,1078
must,earn,86
will,ease,149
and,shudder,42
british,throne,32
must,build,162
system,built,78
be,predicated,53
anisotropy,probe,42
being,blown,218
people,laugh,328
and,reassemble,47
be,reorganized,35
glen,echo,130
be,reintroduced,46
of,deriving,23
might,protect,51
will,unfold,89
voting,block,31
get,sticky,25
and,probed,52
be,reunited,283
and,condense,24
and,strutting,31
raise,blood,57
of,bloom,138
can,protest,39
mr,swindle,140
and,portray,56
may,confuse,29
be,shredded,30
and,thirst,108
police,misconduct,120
and,edit,188
must,prove,269
and,poking,89
being,guided,69
of,eddy,28
production,revised,100
tour,edge,30
and,squeaky,23
and,revisit,57
need,proof,63
see,smoke,46
be,situated,103
of,prose,177
many,emerging,25
being,hugged,24
and,spruce,130
and,rallied,62
and,bubbled,28
and,anticipate,106
get,bitter,30
being,bitten,69
of,rethinking,44
will,reunite,27
and,thrill,41
winter,weather,211
being,revived,50
but,blind,23
eye,blink,26
can,construct,95
be,construed,556
disease,burden,24
will,thrive,131
and,flopping,29
and,fiddled,65
and,pinch,126
violence,continued,33
chest,heaved,37
of,adhering,43
and,fumbled,144
and,overgrazing,25
be,amused,116
and,reread,150
and,drumming,63
will,cruise,31
being,snubbed,23
and,sprout,27
arms,smuggling,26
be,prime,92
and,disseminate,137
be,plagued,51
block,print,27
can,smile,80
and,renegotiate,27
be,disbursed,24
gasoline,price,62
and,chlorinated,25
and,pried,64
take,pride,449
media,blitz,119
and,thump,36
being,regulated,38
tom,thumb,66
may,prevent,266
steak,sandwich,32
of,instilling,48
and,democratize,23
of,storing,130
and,reinforce,329
be,impeded,28
by,laurel,26
and,cuddled,25
and,reviving,58
of,exchange,588
people,participating,57
will,expire,93
concert,master,24
and,freight,83
might,remember,298
can,nail,30
bob,teeter,39
oak,ridge,115
and,mingling,45
navy,officer,31
by,bribing,28
of,guaranteeing,58
can,outrun,47
nt,belong,28
no,prize,56
will,conform,31
scouting,combine,95
time,lapse,87
and,waived,23
be,corroborated,33
and,excluding,79
while,sipping,52
credit,squeeze,26
blood,sacrifice,46
now,separated,51
will,enrich,61
and,partake,27
dust,ruffle,27
and,intoxicating,24
being,controlled,125
and,skipping,78
be,disabled,57
will,darken,30
death,certificate,268
screaming,bloody,30
and,jutting,29
be,introducing,59
will,broaden,40
domain,name,151
can,envision,126
throw,pillow,41
and,dissipate,39
and,snaked,25
being,prescribed,54
data,warehousing,36
of,stepping,211
and,creosote,23
and,prune,38
and,displace,42
and,epoxy,34
and,cursing,209
and,bellow,33
be,blunt,181
and,relieving,45
can,impact,122
powder,blush,43
be,disqualified,106
and,rinse,332
and,reinterpret,29
and,praising,101
being,circulated,49
and,socializing,143
and,trekking,29
be,contemplating,44
by,accelerating,44
house,intern,60
rope,ladder,70
and,disadvantage,33
and,intend,59
help,compensate,36
no,written,141
and,hating,63
magazine,article,333
and,bruising,45
might,follow,168
and,nibbling,60
be,consoled,41
and,undress,27
be,procured,25
and,piecing,24
and,paced,176
and,expend,23
and,owing,29
of,masquerade,31
of,neck,105
will,illuminate,37
compelling,need,64
being,fought,268
of,estimated,71
will,withstand,59
and,chevy,67
here,expect,29
jimmy,swagger,59
and,ravaged,49
and,moisturize,31
and,slaughter,103
rent,check,29
men,cheat,58
once,derided,28
must,intervene,30
be,superseded,42
people,cheer,24
and,cheek,94
by,stress,113
refuge,near,25
and,probing,110
and,strewn,64
math,portion,27
legislation,mandating,26
of,pulsing,23
last-ditch,attempt,33
and,impart,42
law,partner,156
be,precluded,43
and,equipped,218
of,pricing,96
and,outfitted,66
be,approximated,35
wind,rustled,27
may,impair,46
and,deprive,45
and,burnt,187
and,pollute,35
ms,burke,39
and,disorganized,75
and,thrust,429
instruction,stream,23
and,rehearsing,40
hitting,streak,147
love,nest,82
and,autograph,32
oil,embargo,208
men,burst,25
risk,alienating,50
and,regulate,236
and,diversifying,26
and,wage,163
says,wade,55
and,stifle,36
and,ceased,50
of,eclipse,27
men,want,249
and,wane,45
can,paralyze,27
be,guaranteed,380
may,wait,56
and,wail,42
birth,weight,202
bedroom,wall,146
longer,walk,39
can,wake,77
and,confine,41
and,crimson,100
and,wheezing,76
must,confirm,25
and,tiptoed,75
may,impede,58
will,emit,47
and,nipped,25
can,confide,27
and,rehabilitate,47
and,eradicate,50
by,reproducing,31
and,tripping,32
and,relinquish,23
class,envy,41
doctor,diagnosed,30
arms,draped,26
will,publish,175
will,furnish,33
na,become,23
be,optimized,61
and,congratulated,81
of,provoking,71
gravity,wave,37
paint,scheme,31
can,warn,38
get,warm,159
and,warp,30
will,outweigh,35
henry,ward,44
and,asphalt,85
fiesta,ware,23
and,expand,935
of,wash,57
eyes,bulge,66
and,unifying,52
now,predict,24
be,hypothesized,39
neighborhood,bully,23
and,chaff,24
meditation,practice,25
girl,named,546
of,remodeling,38
no,breeze,56
vinyl,chair,23
distribution,chain,32
be,thrown,730
and,chant,60
boxing,champ,36
as,chalk,34
john,chase,24
luck,charm,59
can,chart,39
and,smudged,48
be,dipped,26
no,surrender,41
now,absent,26
of,profit,373
be,sprinkled,38
get,riled,24
and,strand,23
and,staunch,39
cake,layer,74
and,nick,573
and,mainline,28
be,evidenced,27
can,summon,92
and,depress,29
role,strain,26
and,stockpiling,23
will,interview,74
wine,merchant,75
be,allocated,213
poplar,bluff,29
come,summer,52
and,summed,45
and,pressuring,40
gun,culture,51
be,dragging,42
and,snatch,80
being,influenced,118
and,kidnap,26
of,handicap,33
four,research,45
be,legalized,65
and,rambling,51
follow,label,23
die,welt,28
mother,wept,35
must,confess,280
may,appear,959
phone,went,73
and,lament,44
and,weld,32
selling,well,110
linebacker,derrick,45
and,dazzle,40
be,repulsed,28
and,gauging,23
shooting,rampage,85
and,inherit,28
felt,alienated,39
and,weep,124
smoke,weed,31
evening,wear,106
be,deduced,94
and,laced,80
of,gossip,332
jim,garrison,33
and,caricature,31
voice,crackled,59
and,drizzle,266
tax,bracket,287
and,japan,2684
and,apply,1100
and,peacock,24
area,known,179
be,spared,376
and,expel,48
bunny,rabbit,41
can,knock,195
and,persecute,28
and,embarrass,71
immigrant,labor,63
of,dividing,128
get,entangled,29
and,strode,366
of,breast,1535
and,arouse,23
and,proclaim,80
and,tingling,50
and,swollen,292
be,financed,201
and,roulette,31
life,revolved,43
and,ladle,33
mike,espy,110
and,breach,38
and,dimpled,26
can,reject,51
and,frying,55
group,think,72
might,qualify,70
be,tagged,57
and,sneezing,50
and,stitch,50
and,rehabilitating,26
leather,apron,31
be,actualized,26
and,perpetuating,40
and,decapitated,24
puzzle,piece,42
and,tinker,37
studio,potter,23
and,patting,95
as,imagined,36
and,wham,44
yankee,doodle,107
mountain,biking,477
and,gobble,32
audience,appeal,27
control,signal,32
now,proceed,29
deputy,whip,39
gee,whiz,92
commendation,medal,35
of,gilded,41
lives,even,32
fence,wire,23
and,migrated,47
and,rummage,27
mr,wise,39
authors,wish,136
being,replaced,441
and,externalizing,170
truck,arrived,32
will,prompt,110
and,patronizing,41
son,lived,28
study,evaluated,51
be,commemorated,24
if,wind,24
no,wine,63
fighter,wing,37
and,wink,53
camera,panned,30
pug,nose,42
program,note,334
and,wilt,32
and,slurp,24
and,wipe,328
be,fulfilling,44
play,havoc,55
med,school,213
growth,will,425
and,slush,45
milk,cheese,47
women,agree,27
and,intensifying,48
and,enclose,26
be,jeopardized,115
and,archive,43
can,ascertain,33
and,cajoled,46
can,signify,24
and,exit,388
power,surge,61
and,mumbled,124
welfare,overhaul,35
computer,keyboard,166
video,playback,35
will,awaken,47
and,judged,155
of,intuit,28
pound,smoked,25
may,complicate,36
at,auction,425
dresser,mirror,39
and,symbolized,25
no,preconceived,31
and,multiplying,97
and,worshiped,41
oil,import,30
might,impose,30
now,embracing,23
and,propagate,39
opening,weekend,203
and,strive,141
prayer,circle,23
newspaper,headline,72
and,evolved,120
and,unsteady,45
cotton,string,23
and,formulate,75
will,instruct,50
must,strike,54
x-ray,vision,75
season,average,26
test,pattern,23
be,immobilized,24
breaking,stride,80
be,refrigerated,134
and,puzzling,61
funeral,procession,196
and,compensating,31
cost,associated,74
and,decorating,122
and,propel,56
of,disproportionate,35
skull,fracture,41
be,vaccinated,105
and,blotted,33
will,escort,47
and,garland,36
be,strung,38
design,better,26
and,skimming,28
will,assure,110
can,inspire,155
will,bleed,32
crisis,struck,23
and,confederate,29
people,assume,246
dog,sledding,28
and,imagining,105
and,marinated,39
business,experience,119
may,resent,32
can,tighten,29
and,resell,60
and,deflect,40
and,stable,675
will,revolutionize,73
tabloid,fodder,34
and,engender,23
and,underlining,28
network,programming,38
and,wheezed,25
being,gored,26
by,inhaling,32
river,gorge,27
can,smell,657
hostage,rescue,68
at,restoring,41
of,moderating,32
as,parallel,52
will,transcend,23
dick,wolf,29
mother,woke,26
mike,castle,49
can,replenish,24
by,attributing,45
go,numb,51
pap,smear,42
be,derived,414
lip,pencil,33
will,blend,42
and,disposing,56
and,litter,79
god,bless,1036
of,resolve,128
be,electrocuted,23
glass,slipper,53
no,reason,7068
ejection,fraction,72
and,finest,39
will,betray,31
will,empower,47
tv,preview,24
and,recruit,148
quantum,vacuum,29
might,throw,122
fighter,pilot,326
and,swapping,36
no,word,755
now,wore,50
help,work,42
hair,piled,44
being,worn,69
of,worm,40
of,merit,433
be,facilitated,155
can,merge,27
ms,wood,24
and,woof,43
and,threw,2511
article,headlined,41
york,press,72
surprise,witness,42
and,retraced,30
and,wove,61
and,tinsel,40
time,elapsed,83
two,metal,95
be,cremated,111
and,mating,84
elk,browsing,23
and,ace,35
might,add,888
ms,lance,49
surveillance,act,23
am,fascinated,51
pinkie,finger,46
van,meter,73
be,meted,28
and,riveting,36
of,age,5540
lawsuit,alleging,38
breathing,air,44
will,aim,51
grant,aid,35
felt,exhilarated,28
will,borrow,25
and,computed,42
test,flight,116
must,concentrate,41
and,sipped,302
york,became,27
and,ape,35
and,navigating,40
and,thatch,34
if,art,81
and,arc,39
robot,arm,95
may,ask,491
and,ate,1143
and,awe,295
ice,axe,66
black-and-white,photograph,89
and,shredding,31
turn,bad,28
nylon,bag,43
defense,bar,40
marriage,ban,31
and,bay,264
fruit,bat,27
sea,bed,51
and,beg,233
and,bet,88
turning,black,43
senate,bid,36
ich,bin,24
help,eliminate,87
and,bit,388
and,inspect,142
and,clutch,93
of,burying,66
and,boo,30
and,bow,213
cash,box,50
see,bob,25
and,imitate,51
at,bus,65
nt,buy,53
and,bud,145
and,bug,74
and,bum,45
and,wrap,418
and,executed,430
and,incite,34
and,memorizing,37
will,disappear,459
death,cab,34
and,angled,85
and,cap,215
cup,car,33
men,can,656
no,cat,30
and,smack,99
and,blaze,31
help,clarify,130
can,digest,41
and,overthrow,63
be,dispelled,36
and,rubbish,24
and,con,226
motorcycle,cop,28
and,coo,32
bobby,cox,173
cash,cow,179
no,proven,70
rock,cod,25
and,compromising,43
may,cry,28
ms,tucker,89
no,rhyme,55
be,reapplied,28
and,strove,30
now,cut,69
onion,cup,64
of,smooth,204
of,cue,35
bear,cub,41
goes,blank,51
will,blame,71
place,finish,32
and,stroll,80
can,blast,29
sex,symbol,235
brush,stroke,60
and,dab,27
and,bluster,32
canyon,dam,87
dropping,fast,42
as,fate,78
and,bounced,312
upstairs,den,27
morning,dew,57
but,concrete,27
can,dig,157
people,die,694
studio,did,29
cheese,dip,27
lights,dim,111
may,elicit,45
says,don,270
state,dot,23
at,dow,41
puppy,dog,65
and,diffused,33
throat,dry,28
can,fail,167
vanity,fair,318
can,fade,30
can,smash,25
smiling,face,235
being,dug,46
am,smart,28
hair,dye,89
prison,farm,40
be,enclosed,39
will,fare,135
come,fall,72
can,fake,39
investigation,examined,32
at,fame,25
and,lavish,103
and,curtail,36
window,curtain,25
and,ebb,35
and,ear,239
must,eat,128
and,swearing,113
and,translate,142
and,dropout,71
and,contemplate,107
whisk,egg,55
and,unpack,24
many,end,31
will,coincide,33
and,disputed,44
carbon,cycle,107
by,luring,32
by,eye,77
be,driven,750
of,stripping,61
of,narrow,291
and,goose,79
men,dropped,27
and,fay,47
can,fax,44
sports,fan,210
and,swirl,110
once,fed,23
entry,fee,248
be,substituted,453
husband,moved,57
and,swipe,26
can,decode,24
fingernail,polish,47
and,fig,34
and,simplify,74
stay,fit,104
and,swish,28
na,fix,39
rapper,snoop,23
longer,trust,50
tsetse,fly,32
by,fog,32
and,hesitated,86
and,fox,341
can,swing,120
and,sunken,78
and,staked,43
and,fry,217
and,snort,30
and,wheeze,26
wear,fur,28
make,fun,870
and,mouth,765
danger,mouse,26
and,mature,288
and,mourn,46
and,oblique,34
and,orient,75
mr,trump,233
at,mount,120
and,tapped,453
logging,truck,36
and,taboo,36
be,reactivated,24
and,gag,34
shale,gas,44
energy,gap,27
can,cripple,27
and,gee,28
shower,gel,35
kid,get,26
and,undid,35
joe,cocker,30
playing,gin,25
na,gig,40
by,fear,438
and,sewer,320
and,mowed,28
and,shoveling,34
will,plummet,42
and,transcribed,131
and,curving,46
cape,lookout,58
mother,sewed,24
tax,package,114
and,equipping,51
and,husband,526
police,matter,28
bill,got,57
and,compiling,47
might,weaken,29
livestock,feed,57
bubble,gum,305
by,gun,52
and,guy,188
and,gut,83
road,feel,26
muscle,atrophy,35
no,hay,75
and,haw,49
being,raped,226
country,ham,101
panama,hat,78
and,hap,27
and,rejoice,53
and,hem,39
and,begged,303
and,hid,421
air,hit,29
seaside,resort,65
and,ration,23
and,hog,43
and,hoe,23
and,hop,134
and,decorated,306
of,battling,97
brain,damage,784
ho,hum,26
pizza,hut,384
and,deteriorating,86
group,hug,53
and,oppress,29
x-ray,imaging,24
now,imagine,231
price,fell,45
stomach,felt,59
noblesse,oblige,109
help,fend,24
be,re-created,31
may,accompany,53
make,ice,33
give,pleasure,47
and,subtract,82
can,scrape,36
family,feud,132
and,crosscut,43
and,reestablish,38
get,acclimated,28
and,lobbed,27
as,ink,29
can,delete,23
and,discouraging,79
people,argue,111
no,stomach,54
as,ballast,28
and,unfit,39
and,prolong,74
must,renounce,23
seizure,disorder,38
and,supervising,108
and,jaw,143
jelly,jar,33
def,jam,188
and,despite,1848
be,resold,24
and,despise,35
ink,jet,103
start,addressing,31
and,fused,55
and,ratify,23
will,arrange,92
will,resign,104
and,dredge,58
and,raking,44
will,cherish,33
be,adjudicated,38
and,jog,49
dye,job,44
and,rejoin,43
and,joy,987
and,jot,34
may,reside,40
of,misfit,24
be,staged,94
will,swell,71
and,picnicking,27
and,remarried,75
no,sweat,201
people,swear,25
gallon,jug,36
and,deplore,27
and,sweep,184
and,obey,170
trouser,pocket,51
and,raked,75
will,resist,151
room,key,79
and,ken,630
no,kid,71
career,spanned,53
calcium,carbonate,166
and,dreaming,194
and,serve,2738
of,venture,178
eyes,riveted,60
barney,fife,25
must,increase,92
how,firm,32
cease,fire,251
pep,rally,199
audio,file,35
now,fill,42
feminist,film,23
eyes,flitted,24
barton,fink,72
wont,find,24
make,fine,76
can,morph,25
might,lay,28
time,lag,140
victory,lap,113
and,lam,25
situation,led,23
chair,leg,36
might,let,131
may,lie,499
and,obstruct,39
be,overruled,59
and,lip,120
smile,lit,33
be,swept,319
being,arranged,28
and,improvised,54
training,log,31
time,wasted,54
and,low,3620
at,integrating,26
start,shaking,44
buzz,phrase,29
now,decide,64
can,complement,56
yoga,mat,45
of,mar,24
court,may,227
being,mad,69
world,map,118
mystery,man,124
and,conferred,37
and,underline,23
baker,met,56
tuna,fish,173
no,disputing,48
pudding,mix,45
as,dazzling,23
substance,abusing,41
and,invading,26
and,mob,33
and,smuggle,27
and,flounder,36
and,mop,63
and,mow,40
and,surface,407
beer,mug,34
face,flush,45
river,mud,24
display,table,28
log,flume,24
arms,flung,30
termite,mound,30
bob,mould,28
heath,ledger,42
sequence,omitted,38
champagne,flute,51
will,scatter,24
article,copyright,1735
and,nap,42
thus,causing,54
and,inquired,67
price,range,690
will,incorporate,95
be,harmonized,24
mosquito,net,57
border,police,108
ford,motor,222
and,dreamt,25
of,nix,23
and,nip,28
can,advise,64
and,nod,196
no,fluke,83
family,ranch,55
and,soften,105
of,fluff,65
health,nut,28
will,flow,196
belly,flop,30
and,skimmed,38
will,flip,32
shooting,position,40
get,rattled,42
be,measuring,38
and,elaborating,29
carbon,flux,30
pennsylvania,railroad,25
leaping,off,50
cup,oil,61
be,pictured,37
and,canton,27
and,flex,95
once,flew,33
men,fled,23
people,flee,26
and,opt,84
bobby,flay,88
character,flaw,74
tent,flap,49
am,advocating,26
go,flat,40
and,stagger,50
caution,flag,29
life,taken,25
and,differentiate,66
dining,out,191
and,residing,27
will,owe,82
people,own,74
may,prescribe,64
can,craft,27
gallows,humor,82
phil,crane,24
mary,pat,57
and,sheared,23
sheet,pan,47
vacation,pay,24
bear,paw,77
launching,pad,217
gal,pal,34
can,crank,38
and,beard,187
and,crave,24
people,starve,30
penthouse,pet,24
milk,crate,63
and,peg,44
ta,pee,23
of,pep,37
le,pen,123
be,dislodged,31
helicopter,crash,115
and,tally,32
and,shrugging,24
might,result,268
be,recharged,60
and,pig,103
snake,pit,55
will,resume,250
and,pip,24
flag,pin,32
and,admire,268
and,enliven,25
city,charter,74
no,instance,39
docking,pod,24
ocean,beach,32
and,pop,917
cover,pot,51
of,quicken,25
plate,armor,27
can,pry,26
being,stared,48
and,pub,30
no,pun,169
people,evacuated,49
na,put,212
use,crack,26
potato,starch,43
and,pounce,23
stop,ringing,30
and,razor,80
now,cooperating,25
get,equal,57
and,terrorize,32
and,lengthen,33
and,tammy,185
will,crawl,25
be,razed,51
and,scrubbed,150
and,tabulated,30
status,quo,3123
of,landscaping,34
space,ghost,36
be,pieced,35
no,foul,91
might,overhear,27
pendulum,swung,27
three,foot,35
and,ensured,83
and,discharging,26
and,fool,53
as,rap,41
henry,ford,102
boy,ran,76
tuning,fork,104
dodge,ram,26
and,grinned,534
mayor,ray,114
wharf,rat,25
and,groove,23
draft,form,27
dust,rag,25
air,circulating,24
and,rev,31
says,red,24
and,script,51
and,fowl,36
of,rib,28
and,rig,23
be,rid,313
er,rip,25
crater,rim,60
and,charred,84
will,rob,36
cannery,row,40
will,rot,57
and,equip,110
sea,foam,39
bit,puzzled,26
and,fold,303
and,rue,36
can,rub,41
house,run,27
and,tango,26
issue,arose,30
heavy-duty,foil,30
being,rated,36
court,recognized,25
and,sap,29
be,speeded,29
do,say,422
power,saw,47
peter,sat,25
and,desolate,93
john,fuller,23
and,set,8133
can,reproduce,86
and,sew,111
if,sex,62
and,see,13723
and,penned,34
people,shy,23
consultation,process,92
men,sit,116
and,sip,152
no,sin,67
as,reducing,98
and,flicker,30
spring,sky,27
of,ski,243
and,halved,133
mg,sod,80
and,sob,38
and,visit,860
and,sow,51
and,readied,52
can,spy,25
sun,visor,57
and,groped,80
can,sue,201
co,sub,28
lump,sum,372
midday,sun,182
pig,sty,32
group,affiliated,24
and,snuck,57
as,transferring,26
stay,motivated,58
and,tap,226
and,tan,205
gains,tax,649
pine,tar,34
playing,tag,49
and,tab,32
difficulties,arise,40
and,ted,628
and,tee,55
of,snuff,46
of,fray,29
two,bullet,40
and,tie,1317
might,tip,36
cookie,tin,25
and,stumbled,306
turf,toe,24
by,eliminating,554
boy,toy,48
rope,tow,37
dresser,top,31
do,okay,39
will,try,2999
and,obscure,198
bath,tub,24
and,tug,62
can,weave,30
king,tut,37
camera,videotape,159
am,weary,25
and,soothe,82
and,betting,43
at,achieving,99
will,unite,56
air,blockade,25
and,nudging,31
and,wiggling,34
and,acclaim,45
and,cannon,50
and,substituting,44
and,raved,33
may,use,939
and,fret,34
and,swore,188
and,sworn,64
tax,rebate,91
roam,free,65
and,swoop,29
and,unify,53
rock,outcropping,49
oscar,levant,23
car,exploded,30
tree,frog,59
people,scream,51
be,prejudiced,61
choir,screen,40
will,backfire,62
la,vie,257
be,gotten,136
and,bristling,35
and,memorize,56
lemon,wedge,33
of,staple,32
and,vow,42
tree,canopy,56
no,lipstick,24
police,barricade,37
be,nullified,26
and,idealized,40
of,camouflage,84
and,terminating,24
and,wag,24
as,war,241
and,omit,29
childhood,nickname,39
bikini,wax,52
be,manufactured,157
how,wet,39
and,web,177
may,wee,42
thought,wed,24
may,predispose,43
and,prodded,147
must,acquit,24
no,flesh,26
de,wit,25
be,displeased,23
playoff,win,41
must,tread,24
and,stripped,229
add,ground,29
oh,wow,65
john,woo,65
york,won,24
go,fuck,116
vehicle,fuel,38
and,inflamed,42
barney,fleck,34
record,amount,47
cities,privatize,25
and,tumble,233
and,overgrown,66
and,disenfranchised,51
invasion,fleet,25
be,exonerated,71
and,spurred,74
and,ooze,23
and,toning,32
be,circumscribed,36
lifetime,guarantee,28
case,open,35
and,misplaced,51
and,grouse,41
will,negotiate,84
and,explored,179
basket,full,43
and,incense,118
eyes,bulged,85
and,funk,51
growth,fund,310
help,enhance,39
industry,trend,25
and,exploding,88
and,yaw,24
peach,fuzz,39
and,scroll,48
can,treat,260
and,yen,25
and,fuse,32
no,fuss,99
and,preserved,260
being,upgraded,27
and,timed,51
once,characterized,39
if,sensing,84
cup,evaporated,50
and,retard,24
felt,violated,24
and,third-degree,27
and,romanticized,25
while,hiking,94
be,aggregated,34
no,dummy,48
be,combated,24
and,rumpled,70
and,zap,40
nerve,palsy,33
will,abandon,103
of,dynamite,250
and,zip,89
and,cleanse,48
will,entertain,74
and,collapse,212
and,choke,111
felt,panic,29
and,snare,25
and,flick,55
be,aggravated,34
and,ensuing,62
mother,tongue,292
water,bucket,47
and,scrabbled,26
sea,snake,29
and,graffiti,105
arbitration,panel,43
and,utilize,142
bedtime,snack,23
and,retake,27
drug,addict,462
and,introduce,297
belt,buckle,279
be,exposing,24
of,advancing,257
may,retain,44
and,retail,604
and,steward,27
and,flake,27
and,characterize,46
and,flare,39
lightning,flash,53
can,rattle,50
phil,knight,75
gas,flame,36
and,risen,69
and,upholding,39
and,prying,33
of,nasal,170
and,notified,59
no,answer,1810
and,slugging,40
of,disciplining,42
and,bullshit,23
and,plunder,81
and,enlist,60
world,collapsed,23
trailer,trash,43
and,beeswax,26
may,speculate,30
bypass,machine,24
seven,seals,34
and,humiliate,58
now,outnumber,23
and,institutionalize,31
be,dismantled,161
letter,urging,33
billion,trade,63
no,trace,668
horse,track,25
of,texture,154
runaway,train,83
scent,trail,32
out,dancing,58
came,barreling,29
of,esquire,29
and,scoring,318
will,surround,27
will,shatter,30
and,crucified,24
and,sobbing,78
and,dispel,30
will,redefine,31
be,articulate,27
and,bagged,69
and,easing,80
travel,companion,32
drug,misuse,64
of,complying,87
and,organize,379
and,quiver,37
and,flaked,24
wind,chime,50
and,trample,33
television,broadcast,117
and,moonlight,51
winter,chill,39
be,exemplified,24
and,sizzling,46
debt,rescheduling,42
of,highlighting,43
men,stayed,25
now,celebrating,37
and,solicit,43
and,swerve,24
can,illustrate,38
computer,model,295
fax,modem,35
and,correlate,34
and,institutionalized,106
will,rival,41
of,rapture,46
and,riven,24
and,behaving,85
body,paint,42
and,expelled,97
and,torture,389
of,receiving,532
world,thought,47
and,jargon,27
came,hurrying,38
of,flannel,39
amount,owed,41
wall,separating,42
and,blurring,24
and,decipher,34
and,collaborated,41
battle,raged,45
shrimp,paste,26
be,assembled,226
will,cancel,54
studies,utilizing,31
will,appoint,101
whirlwind,romance,32
of,chipped,31
be,transferred,799
chocolate,chunk,26
will,flock,63
and,pierce,156
stomach,churn,30
will,float,75
making,sense,523
look,convinced,25
show,title,23
office,floor,33
as,flood,28
hand,clasped,28
and,sizzled,29
and,dismay,147
and,mortar,347
and,swarm,27
and,ridicule,138
museum,exhibit,60
mr,chuff,42
oil,patch,83
being,pursued,285
says,chuck,119
peat,swamp,111
lit,candle,32
of,troop,248
of,capitalizing,23
no,paved,23
may,raise,168
of,maximizing,92
be,redistributed,43
and,troll,25
can,sniff,39
pastry,flour,81
felt,obliged,194
cream,butter,53
team,handball,82
being,flown,97
and,scaling,73
people,pause,23
and,floss,31
satellite,broadcasting,25
shutter,button,37
will,alienate,26
men,gave,63
and,hustled,93
and,garment,39
and,gawk,34
prison,garb,37
and,gasp,43
starting,gate,150
and,averaging,62
and,gaze,176
be,rethought,68
and,grieving,87
water,bodies,115
might,detect,26
being,seduced,43
of,triple,50
and,retire,143
strain,gage,49
can,interfere,213
might,uncover,26
at,wholesale,56
and,gall,64
tennis,game,64
by,prescribing,33
be,delegated,44
chain,gang,119
and,persevere,36
women,gain,62
and,horrified,84
and,gait,65
hair,pinned,34
and,cement,206
boy,tried,32
turner,trice,26
can,trick,30
now,undergoing,52
being,duped,43
mr,fuddle,48
and,raced,406
and,limber,37
mother,tries,37
be,finding,182
of,hector,67
team,chose,23
and,chord,30
can,locate,177
and,displaced,132
and,advocated,109
and,jamming,37
and,flirt,62
of,dishonor,28
and,brighten,42
care,giving,39
of,flint,116
and,fling,77
will,trickle,34
anger,flared,25
will,advance,153
and,corrugated,55
by,radio,278
voice,trembling,72
fire,blight,82
and,bruised,236
boy,friend,42
be,removing,35
wax,paper,380
may,suffer,252
and,declining,304
can,seize,49
and,jabbing,30
purse,seine,65
be,traversed,37
and,fudge,33
senate,filibuster,26
and,sneak,106
and,exchanging,125
can,conclude,183
water,balloon,48
and,cropping,24
rain,gear,125
people,helped,51
now,charged,81
and,rippled,41
air,escaping,29
must,mention,24
be,salvaged,122
debt,incurred,27
wall,calendar,39
quote,unquote,61
of,excerpt,42
and,curved,133
do,apologize,48
and,compliment,29
and,invade,44
tennis,racket,137
petroleum,engineer,24
do,offer,140
of,overcoming,192
and,parry,42
and,regulating,122
and,detain,39
will,detail,31
and,intrigue,141
felt,tired,107
and,opaque,127
and,forestall,30
be,circumcised,28
and,retest,44
and,tremble,42
do,produce,39
and,articulating,50
and,fumble,32
will,grace,30
and,legitimizing,30
by,grade,213
can,pack,141
keeping,pace,183
responsibilities,include,50
and,eyeing,30
schools,provide,90
be,deluded,24
will,withhold,35
and,rhubarb,41
by,fixing,67
and,chugged,31
must,promote,41
by,proving,84
and,bulldozed,25
and,aching,121
and,splash,117
report,narrated,114
can,amplify,36
be,subsumed,85
and,accompanied,229
and,retold,75
help,pave,27
and,graze,30
chinese,cabbage,69
be,baptized,108
and,suppress,112
ms,currie,74
will,resemble,70
and,lunge,30
and,flavor,330
and,configure,28
skip,lunch,24
can,pair,30
throbbing,pain,48
sledge,hammer,39
and,twitter,121
and,dwarf,50
date,palm,26
be,pale,29
and,harried,34
will,fluctuate,26
says,page,27
bone,graft,33
as,grain,26
salaries,paid,47
sea,grass,118
and,grasp,152
while,part,33
men,pass,30
sewer,grate,29
being,typecast,28
and,park,369
being,seized,43
and,pare,32
no,grave,25
and,pant,35
donor,fatigue,33
may,grant,34
wedding,feast,68
table,graph,52
state,holiday,30
dr,butler,59
be,persecuted,59
wedding,gift,135
and,diaper,42
of,hallmark,27
no,release,30
and,provoked,70
and,gill,91
and,gilt,84
and,accentuate,26
and,revitalizing,37
be,encoded,46
zinc,sulphate,42
and,wrinkle,31
will,dictate,118
rock,quarry,28
and,crumble,62
while,minimizing,128
and,assimilating,23
be,delineated,26
and,erode,52
and,scurries,35
and,scurried,81
will,invent,26
be,depleted,62
despite,initial,50
and,madden,25
health,network,121
will,succumb,42
baseball,uniform,37
want,people,1803
will,befall,26
be,increased,741
help,give,152
and,mismanaged,25
and,cleansing,49
guitar,sound,23
and,overpriced,52
and,crystallized,34
can,conquer,58
and,juggling,58
and,reshape,45
people,invest,53
be,rerouted,23
and,invert,66
get,served,27
reach,peak,23
can,induce,132
and,reposition,23
and,chauffeur,24
and,disarm,61
and,peck,38
strike,nugget,28
and,crust,46
will,crush,53
will,employ,161
and,cache,54
van,pelt,181
exercise,caution,65
and,bedraggled,36
can,peer,47
sneak,peek,157
can,peel,41
and,cable,746
and,refocus,45
as,landscape,40
will,hamper,29
of,antique,335
and,hobbled,69
and,invoking,32
bread,crumb,36
eyes,brimmed,31
and,shuffle,62
and,tugging,86
must,traverse,30
chinese,proverb,41
and,marveling,34
be,inaugurated,40
fort,fringe,41
two,devastating,23
fibrin,glue,25
cost,function,56
pole,vault,192
oil,glut,28
and,giddy,68
amber,glow,33
and,unified,107
and,decimated,36
of,pilgrimage,131
of,quantifying,38
copper,sulfate,27
wind,blowing,307
how,glad,136
and,dribble,25
and,contributed,374
time,chatting,25
and,upheld,55
of,dredging,36
andrew,luster,33
children,arrive,29
be,accumulated,29
sports,illustrated,1065
help,nurture,25
as,liberating,23
be,subordinated,73
and,blending,93
will,bounce,77
be,instituted,112
and,reaffirm,47
being,kidnapped,111
grosgrain,ribbon,32
as,gentle,93
and,scaled,57
might,invite,50
and,fuming,25
room,dominated,24
can,encourage,299
scheme,involving,33
and,budding,56
and,multiplied,79
and,yarn,29
and,abused,265
can,undertake,52
family,emigrated,32
and,yank,86
must,consider,607
service,entrance,47
and,exasperating,25
might,delay,31
and,grime,133
control,pill,98
mr,gore,630
and,pike,28
sand,pile,23
at,grill,68
and,compound,65
play,golf,748
felt,intimidated,48
being,gone,107
take,pity,71
of,presumed,56
and,piss,58
at,paying,58
be,pink,26
dust,devil,105
will,degrade,30
will,grind,39
cup,pine,69
dressing,gown,227
steel,pipe,67
do,benefit,23
being,placed,406
mr,pick,36
and,jostling,38
be,embedded,121
and,marbled,28
teddy,feign,32
will,erupt,37
dollar,goes,39
of,curing,96
and,disseminating,98
be,liquidated,51
must,disclose,56
can,dispense,43
text,accompanying,75
summer,recess,61
and,domesticated,46
and,gobbling,23
be,plunged,33
and,institutionalizing,25
and,bustling,46
and,highlight,153
and,ventured,49
and,plead,109
and,jostled,37
by,equating,32
being,cared,95
and,jogged,70
na,grab,28
campaign,debate,25
drug,arrest,55
and,yell,299
employment,lawyer,46
gene,splicing,24
eyes,blazing,87
and,comment,244
and,commend,26
and,pedaling,27
be,politicized,39
be,ameliorated,48
and,delineate,24
will,invoke,23
aircraft,manufacturing,48
and,mellow,84
may,hesitate,31
and,appreciating,94
of,illustrating,46
burial,plot,40
and,plop,53
and,plow,63
show,promise,97
and,girth,31
pub,grub,24
can,relate,841
drain,plug,28
and,underscore,36
be,evaded,23
be,repatriated,43
generation,grew,31
of,grey,146
district,play,77
edge,grip,81
and,grin,67
forest,plan,51
and,triumph,142
and,disgust,197
h,gray,55
and,carol,167
and,carve,109
and,nourish,55
can,carry,1227
and,dispose,120
help,grow,24
and,costumed,23
and,grit,156
of,sealed,30
do,volunteer,59
and,sunburned,34
will,greet,59
go,green,97
supply,closet,53
looking,closer,42
can,override,61
and,dwell,39
as,hitting,26
will,prosecute,55
and,nudge,36
of,streamlining,27
must,uphold,23
period,costume,27
and,disperse,87
and,caramelized,75
and,harmonize,29
and,entice,33
people,return,41
women,brought,41
and,caked,24
and,synthesize,75
and,interrogate,34
rate,mortgage,57
and,clothe,73
and,lured,37
company,founder,84
and,lurch,28
hand,gripping,59
of,analyzing,207
do,recall,75
will,endanger,39
and,suffocated,33
and,sandpaper,23
and,recast,49
am,scared,86
be,elaborated,42
by,murder,26
can,pour,73
and,solidified,47
police,believed,35
sea,port,67
will,pose,133
and,pore,32
and,wallpaper,82
be,excommunicated,27
washington,post,3715
and,exaggerating,24
of,initiating,85
and,command,259
no,perfect,122
and,discriminate,38
and,naturalized,31
irrigation,canal,31
might,deter,23
and,glided,88
contract,dispute,89
once,overheard,25
sea,gull,40
and,gulf,44
field,guns,32
and,traced,140
ping,pong,70
by,associating,86
and,reissued,39
will,recede,33
by,enrolling,44
and,stir-fry,187
dog,poop,37
candidate,pool,24
newspaper,poll,24
flag,pole,26
and,manufacture,171
and,poke,106
fruit,plate,26
be,crumbling,23
and,sizzle,26
nerve,sheath,54
and,debating,73
of,fleeing,85
and,exiled,65
people,bought,108
commuter,plane,64
abortion,plank,23
car,plant,23
and,underlined,35
and,muzzle,28
john,candy,63
sofa,cushion,42
flood,plain,191
potato,beetle,28
and,wrestled,81
will,place,240
speed,dating,39
waters,canoe,43
must,communicate,48
rice,vinegar,293
of,yeast,135
and,yearn,27
may,recognize,116
and,overeating,32
and,recoil,30
be,relied,230
of,prey,497
child,cries,25
boy,cried,38
and,crick,58
can,pray,78
and,nestle,50
scoring,record,88
and,denounced,102
and,exasperated,30
tornado,season,26
and,relish,59
can,recoup,40
blood,oozed,35
will,taste,127
cup,bottled,41
add,ginger,32
and,disguise,48
by,cultivating,80
countries,combined,30
be,wrapped,193
may,worsen,32
job,search,320
and,crimp,73
of,nested,32
may,diminish,64
and,slugged,29
will,outgrow,28
be,infringed,64
and,prod,49
of,prop,37
and,crisp,534
and,diffuse,118
and,sober,219
and,fragment,26
now,scrambling,31
and,capping,25
no,circumstance,30
be,mortified,38
while,composing,24
and,deceived,38
be,tipped,30
and,exhilarating,84
being,negative,45
help,educate,103
and,gutted,57
might,surmise,25
and,subordinate,93
as,target,67
and,denounce,50
and,shackled,46
be,disclosed,191
and,jiggled,48
and,relive,65
being,perpetrated,38
and,liftoff,33
can,advertise,29
and,pulp,116
now,pull,38
go,belly,43
cream,puff,47
and,categorize,55
be,strangled,27
and,kneeling,43
and,bubbling,89
and,qualifying,28
and,tailor,54
and,rearranged,87
and,pulsed,25
do,perform,28
policy,design,56
mark,taper,34
and,desist,123
and,undertook,34
and,whoosh,23
named,desire,153
might,judge,30
may,entail,71
and,plague,53
birdie,putt,179
bell,push,26
and,punt,31
and,pump,241
and,weigh,305
and,murmur,43
and,covenant,31
and,erased,48
john,york,23
of,trance,65
oil,pipeline,119
electrode,array,34
and,crept,163
storm,cellar,32
and,recite,90
people,realize,538
family,crest,28
of,designating,31
and,grieved,27
and,characterizing,25
can,investigate,85
door,creak,23
stop,believing,54
hand,cream,74
and,incubated,49
and,nibbled,65
mission,creep,76
be,reinstated,136
and,reconsider,43
buyer,beware,146
and,confound,26
be,revitalized,25
be,impressed,364
am,compelled,45
and,recommend,213
and,coordinate,259
be,undermining,31
market,began,61
and,gagged,159
being,remodeled,25
and,reorganize,49
and,reinvigorated,27
and,hurry,118
and,plopped,131
and,voting,315
will,handle,302
area,transit,32
and,unwrapped,46
and,trotted,171
program,begun,38
chaise,lounge,77
and,hutch,55
and,welsh,74
and,citing,41
and,recharge,62
might,begin,301
streak,snapped,32
will,prepare,204
dr,welch,24
will,vanish,100
yo-yo,dieting,30
and,harm,168
and,elevating,42
and,harp,28
of,hash,44
dr,hare,36
and,fantasy,310
will,haul,34
and,wadded,28
hell,hath,36
people,hate,192
and,hank,48
will,hang,163
be,hand,36
and,rereading,40
take,frequent,29
stands,erect,23
and,haze,44
and,prejudice,365
of,advising,55
kitty,hawk,41
and,rearranging,59
airplane,hangar,58
can,survive,1064
at,desert,34
can,hack,31
skating,champion,30
of,hail,52
commander,waddle,30
can,halt,44
can,overrule,24
ms,hale,24
carpal,tunnel,191
oscar,telecast,28
glass,bubble,24
by,identifying,517
and,organized,828
and,defer,34
by,quoting,113
dr,berry,25
playoff,berth,184
of,agreeing,67
being,bandied,37
and,reclaim,107
and,clatter,72
and,debilitating,87
being,excluded,130
and,stroked,323
and,bustle,193
judge,garnett,30
be,costing,36
and,grapple,24
felt,justified,44
group,averaged,28
and,garnish,364
and,degas,27
be,imaged,28
be,quantified,134
take,advantage,5251
of,mildew,77
and,browse,93
of,industrialized,83
of,sweating,56
and,fertilize,48
and,beset,23
miss,understood,27
and,traveled,416
onion,powder,100
of,head,549
nt,hear,84
compost,heap,78
steam,heat,33
help,heal,97
can,prohibit,26
and,disabling,39
guest,cabin,34
will,specify,24
and,despair,815
of,disclosing,58
use,credit,78
may,solve,46
while,acknowledging,260
and,rammed,62
be,framed,120
can,rearrange,23
and,shopped,35
be,graduating,39
and,priced,83
helping,create,52
and,valet,24
be,compensated,375
be,eclipsed,44
and,implement,815
effects,observed,37
and,collided,50
longer,travel,24
be,judging,48
and,govern,77
will,measure,149
film,condition,29
of,reprimand,61
can,succeed,426
and,helm,42
now,help,77
once,held,374
and,forbade,48
and,dispensed,28
and,dehumanizing,42
will,thicken,33
and,heft,45
and,fingerprint,25
must,heed,31
and,heel,149
of,spitting,28
be,restructured,89
bison,herd,27
teaching,schedule,28
can,erase,67
and,ponder,116
of,tariff,38
and,bench,83
by,figure,33
and,foraging,61
mud,puddle,55
family,value,45
tbs,chopped,201
field,marshal,109
can,deplete,31
steel,structure,34
and,marveled,74
and,dealt,209
reason,cited,27
of,rescuing,70
and,digitized,35
and,brocade,26
and,reload,30
can,provoke,75
and,banter,36
pollution,caused,48
and,apologized,238
will,ensure,540
of,decay,330
judas,priest,90
being,formulated,34
debate,ensued,23
be,bridged,79
of,perfume,269
and,gaping,48
can,augment,33
and,debit,70
time,chasing,37
give,direct,23
by,nominating,45
try,putting,60
longer,hide,24
and,intimidating,144
and,stonewall,32
ant,hill,24
sword,hilt,31
tax,hike,228
and,subsidize,38
and,abetting,179
squeeze,bottle,55
will,cross,106
and,abetted,120
be,enshrined,44
river,bottom,120
lunch,crowd,72
spanish,crown,31
as,decoy,43
water,lapping,59
be,dazzled,45
and,swallow,214
and,sleeps,93
must,celebrate,25
by,replacing,327
coat,sleeve,48
and,conjecture,41
may,satisfy,40
chili,pepper,114
companies,hire,28
mr,hiss,81
be,fueled,51
and,hint,27
and,restart,71
growth,spurt,214
and,pumice,28
longer,sentence,28
and,gaped,31
and,publicize,58
and,emphasizing,128
and,censure,24
and,countersink,24
milk,supply,71
and,supple,140
and,plaster,176
and,enforced,192
dessert,buffet,25
and,buffer,34
and,supper,55
and,vibrate,33
and,ornament,46
and,reused,77
and,lounging,39
and,straddled,41
and,mingled,47
but,doctor,45
by,restructuring,33
and,lunging,25
no,scandal,35
give,evidence,85
music,blaring,50
and,kidnapping,138
and,bragging,57
and,dolly,24
petroleum,jelly,123
and,designate,43
be,silenced,99
and,lodged,66
and,doubling,61
hair,trimmed,24
can,indicate,126
terrorist,mastermind,25
be,alleviated,101
and,linger,78
and,integrated,431
people,manage,56
people,don't,27
and,jabbed,95
be,doled,25
keep,hidden,49
and,wading,46
and,cramming,25
cough,syrup,102
school,vacation,36
playoff,roster,32
eyes,flutter,55
and,smiled,2747
getting,robbed,25
catalogue,essay,45
today,compared,27
judge,ruled,458
and,emitting,24
get,bogged,140
being,borne,39
and,penalize,26
will,achieve,294
will,reimburse,45
and,cycled,26
be,inscribed,54
be,tarred,26
says,bullock,28
want,trouble,28
getting,hotter,66
looking,bored,43
and,overseeing,95
can,counteract,31
will,wither,33
and,hone,56
drive,home,634
now,hope,54
riding,hood,167
and,hoot,33
and,hook,154
hula,hoop,82
fishing,hole,50
longer,hold,100
mr,hoke,35
and,divine,260
coin,purse,28
and,howl,61
may,interpret,56
joe,horn,31
and,shampoo,69
and,deepen,149
soaker,hose,26
will,host,1105
at,x-ray,24
of,finesse,52
and,confer,46
rosemary,sprig,31
be,articulated,89
and,benefiting,28
will,embark,36
and,puree,126
and,donning,25
and,purge,53
and,demoralizing,33
will,deteriorate,56
shine,spray,24
ham,hock,41
and,scurrying,24
might,interest,50
and,bragged,36
and,stucco,84
and,exhaling,46
and,indulgence,27
and,vilified,33
and,codified,37
be,appeased,51
and,challenge,598
and,outreach,308
guard,helicopter,36
be,shelved,29
be,denied,1000
by,legitimate,25
and,sanitized,27
time,developing,49
three,double,27
of,closure,263
will,disintegrate,24
and,cuddle,48
schools,operate,29
will,divide,76
being,penalized,41
and,committing,129
and,accumulate,64
need,shelter,30
and,trolley,26
data,analyzed,42
problem,created,23
and,retrieved,235
of,lecturing,36
can,afford,3860
feel,bound,38
and,invigorating,61
and,intrigued,65
and,rehearse,53
child,abuse,2210
will,materialize,27
be,propelled,39
will,resonate,100
tortoise,shell,60
and,dodging,85
and,dosed,24
and,creased,50
being,dispersed,26
win,passage,24
license,revoked,24
martin,sheen,145
rookie,salary,28
balance,sheet,704
be,sheer,30
and,nibble,42
and,zest,115
and,clamor,31
flag,waving,47
and,funnel,38
and,shear,91
and,feather,77
think,jesse,35
es,salaam,167
and,starring,154
be,freezing,44
am,upset,38
and,divert,81
can,quantify,30
and,affirm,98
eyes,gazed,31
and,mimic,44
be,rehearsed,32
no,motive,113
may,underlie,48
increase,muscle,31
hand,motion,36
dean,witter,345
and,meditated,26
and,mined,32
and,barter,35
and,mince,36
and,avalanche,23
will,consolidate,28
and,decentralized,67
by,minor,31
no,doubt,13557
and,suffocating,55
and,underwent,127
surrogate,mother,132
and,prized,26
store,selling,27
now,staring,34
will,interact,52
and,disapproving,27
and,overseen,33
now,falling,60
studies,evaluating,27
be,compromised,280
of,lightning,732
be,adored,26
of,combining,240
as,baffled,28
be,readmitted,26
bobby,hull,47
and,huff,26
being,hurt,263
and,hurl,77
of,refusing,123
and,hush,29
will,revolve,29
no,remedy,55
now,hung,31
and,fortify,29
says,hunt,51
lamb,shank,71
will,leave,1863
men,shall,26
body,shame,55
two,sharp,37
tiger,shark,52
must,share,152
and,lease,58
will,redeem,29
no,shape,72
and,learn,2596
now,possess,29
hair,shaft,64
radio,shack,260
no,shade,52
get,reimbursed,57
chocolate,shake,29
and,pleaded,221
police,confiscated,23
and,exercising,240
and,sleigh,23
and,netted,27
of,gated,41
legislation,might,24
and,leach,39
and,rumor,91
once,dubbed,53
and,leapt,134
gun,barrel,154
be,barred,174
and,shaming,24
studies,estimate,23
and,hustle,88
mortgage,refinancing,24
operation,restore,95
do,affect,48
fuel,gauge,63
difficulty,communicating,29
will,shave,33
will,influence,259
prayer,shawl,53
and,despised,92
men,remain,37
and,instituting,43
and,giggled,143
no,mistake,1001
and,verified,105
and,vibrating,32
be,individualized,37
of,remark,35
and,protruding,39
and,legitimize,47
and,detonated,51
and,remake,52
might,focus,66
ms,kipper,68
be,expedited,40
monkey,wrench,117
and,juggle,27
hands,gripped,48
mr,holden,29
and,glance,65
and,inhaled,206
and,consoling,31
may,accelerate,37
and,extrapolate,30
can,customize,97
will,penetrate,48
battle,hymn,92
and,hype,62
and,rippling,37
benefit,guaranty,50
and,revere,37
as,automated,33
longer,speak,56
will,revert,82
and,spear,43
of,pressurized,26
and,swatted,38
na,quit,27
be,neutralized,73
billy,wilder,92
remain,committed,123
of,barney,57
and,pioneer,112
no,divorce,32
ride,shotgun,23
now,practiced,23
be,disbarred,25
eyes,settled,28
and,reinvigorate,33
mickey,mantle,85
student,nurse,30
article,entitled,202
will,overtake,30
by,trapping,34
and,excelled,28
will,supplement,29
and,praise,337
people,spend,294
children,growing,94
day,spent,107
be,foreclosed,24
and,spell,86
and,topple,47
science,quiz,38
be,topped,61
and,undercut,61
classroom,discipline,38
statistics,reveal,28
and,zoom,83
can,infect,87
and,speed,1099
and,brazen,35
car,ferry,26
two,closest,55
be,woken,24
battle,zone,74
and,segregated,37
and,fetch,148
of,middle,1454
be,exterminated,37
and,capped,68
york,woman,34
and,snuggled,53
and,hottest,31
eyes,closing,26
be,anticipated,148
be,labelled,31
and,sallow,25
no,mistaking,375
will,reduce,964
garlic,extract,30
and,privilege,302
and,sputter,28
of,bicycling,45
and,grieve,50
be,incinerated,23
and,refrigerate,1177
using,charcoal,28
must,abide,62
by,dispensing,25
as,preferred,36
stinging,nettle,33
and,outfitting,25
and,reinstall,26
children,ranged,29
be,nurtured,143
and,discard,833
and,confiscate,27
fairway,bunker,49
be,minimized,262
and,streamline,61
trouble,concentrating,54
and,excavate,26
manner,described,29
will,mandate,23
theories,abound,41
and,proportionate,25
of,occasion,40
and,revamp,24
women,traveling,23
tom,abate,24
and,cater,39
review,board,734
go,catch,23
be,funneled,54
be,engraved,28
being,activated,26
and,boast,44
gender,stereotyping,51
research,indicating,94
berlin,airlift,46
by,violating,49
and,holler,81
and,rotate,160
be,repelled,26
and,unravel,28
people,preparing,25
and,reassure,94
and,hollow,162
and,straighten,154
using,slotted,28
and,spawn,36
and,observe,346
will,excuse,70
will,spark,82
and,installing,203
two,spare,24
and,heave,65
may,feature,30
information,request,29
failing,heart,31
now,heard,58
link,fence,112
and,disturb,48
cash,register,799
teaching,credential,42
parking,space,453
roof,caved,25
and,growl,34
horse,manure,117
mother,stepped,30
capita,gross,105
and,hugging,171
and,group,1267
and,hurries,148
and,meditating,29
speech,given,89
show,cause,35
and,lapped,30
and,groin,65
of,surprise,886
and,groan,96
and,groom,395
and,orchestrate,28
and,conserving,64
will,separate,77
and,draping,31
will,safeguard,27
being,investigated,604
and,labeling,130
and,hedge,87
and,fabricated,71
and,discern,49
sunday,profile,70
and,devour,70
blanket,amnesty,32
and,devote,145
be,redone,42
and,incarcerated,50
repair,damaged,48
and,chatted,135
radio,chatter,29
start,including,38
be,reproduced,141
can,postpone,26
and,dialogue,370
be,legislated,47
can,reconstruct,54
and,fluctuating,48
and,donating,43
might,remind,66
can,coexist,116
freedom,struggle,45
and,boned,57
software,bundle,37
help,troubled,26
feel,inclined,33
be,paroled,51
no,sorrow,24
and,transform,344
now,worth,263
eric,idle,42
and,eaten,300
and,worry,566
mpg,worst,26
and,prodding,65
and,magnifying,24
and,scuttled,55
must,comply,161
will,compel,29
and,fantasize,27
performance,boost,29
sucker,punch,52
and,throttle,48
of,forcing,272
being,deposed,41
and,dissolving,30
security,deposit,82
and,require,937
can,muster,264
and,commit,269
technology,improved,25
task,sport,29
soup,spoon,40
and,erasing,27
chest,wound,45
radio,silence,46
and,behold,451
by,concluding,30
and,spoil,75
girl,spoke,32
eyes,glazed,122
and,issuing,79
washington,would,295
be,categorized,221
and,salute,50
of,menace,111
mr,dodge,45
no,booze,28
be,saddled,72
and,branch,134
and,plunk,29
de,plume,57
and,plumb,36
and,plump,145
will,attract,337
van,tassel,91
and,wincing,23
and,ridden,50
being,ridiculed,34
and,pluck,76
be,interred,25
nelson,riddle,24
being,chased,245
gains,rate,66
will,inform,98
will,confront,117
getting,rave,26
of,rape,1131
and,scanned,244
might,settle,33
tax,revolt,77
coat,rack,62
be,woven,85
can,intimidate,37
life,raft,146
road,rage,193
of,modified,71
and,adoring,34
dog,race,55
boat,ramp,75
and,rant,24
must,rank,30
and,rang,226
will,relieve,62
porch,rail,52
drug,raid,40
and,rake,72
come,rain,26
add,spice,39
being,spied,27
legislation,introduced,68
and,flapped,74
and,spike,82
cattle,fever,27
will,originate,25
will,reappear,37
being,hospitalized,54
and,skated,34
bidding,farewell,31
and,grunt,43
and,regenerate,28
pride,parade,98
and,plugged,116
neck,prickled,24
can,maneuver,49
upstairs,neighbor,35
merger,review,23
and,skinning,24
morning,commute,74
and,modernized,38
and,preheat,85
legislation,banning,42
by,alternating,54
and,remove,1197
of,spite,117
can,devise,56
dna,profiling,24
can,charge,274
will,revive,53
can,aspire,40
be,announcing,50
mr,barber,62
and,dilute,27
and,spill,121
and,revise,146
place,smelled,59
and,fantasizing,24
of,verifying,55
and,redo,40
says,reed,57
of,deferring,35
of,fortune,793
and,igniting,24
and,menacing,103
highlight,reel,42
barrier,reef,248
being,advertised,47
be,scrapped,115
and,contaminate,38
can,reap,88
do,read,71
of,rear,79
chest,discomfort,34
and,parcel,465
of,summing,28
and,swiveled,44
and,lighten,44
of,lighted,32
and,wedged,67
and,demoralized,80
and,deduct,24
can,deduce,69
getting,dragged,27
being,split,40
may,distort,24
be,bullied,94
and,pulse,350
be,eased,94
of,arranging,119
food,allowance,31
and,dangle,35
excitement,generated,31
now,rely,39
can,develop,923
will,rent,51
and,pardon,33
and,snuggle,32
hand,gesture,46
planet,earth,165
contract,expired,64
and,rein,41
see,footnote,31
and,braked,24
but,rest,54
and,profane,133
get,promoted,88
and,attire,23
laser,scanning,32
and,excise,37
student,enrolled,28
eyes,glisten,25
and,excite,65
and,clubbed,23
be,appalled,94
and,mediate,47
can,overwhelm,82
and,nerve,159
and,compress,41
and,scraping,164
name,surfaced,26
make,appropriate,102
and,kayak,81
coma,cluster,29
can,improve,1130
be,housed,154
statistics,compiled,65
and,involve,247
and,cubed,87
can,clinch,98
blood,oozing,44
temperature,change,57
and,fondled,46
and,manet,30
and,infuse,31
and,longed,71
may,express,65
and,parody,28
mig