Preposition,Verb,2GramCount
a,besieged,34
a,copper,337
to,rebuild,2698
of,unreason,24
to,electrify,36
but,confused,30
a,bullwhip,30
of,distributed,49
of,saint,143
a,dislocated,85
to,relocate,741
to,enforce,2906
to,emanate,117
to,sabotage,315
to,reconnoiter,51
per,site,32
at,sing,23
a,noose,191
with,josh,112
on,silk,64
on,fashion,91
of,silt,103
as,spoken,71
in,glove,65
a,sink,369
a,windrow,59
as,size,63
a,bulletin,317
up,breakfast,26
of,manipulating,126
by,ballot,28
for,consolidating,25
to,caramelize,36
to,skew,57
to,expunge,70
to,pillage,27
a,shutter,67
in,alleviating,76
a,skid,86
of,skim,57
into,skin,31
to,skip,788
by,shuttle,30
wanting,a,351
a,civilizing,32
to,x,24
to,fester,108
to,launder,112
to,sightsee,23
with,survey,30
a,cricket,151
in,awed,23
to,solidify,271
to,refine,571
a,slit,202
as,slim,57
to,slip,1736
to,refill,199
of,varnish,74
to,descend,498
a,slew,808
of,sled,23
a,tweet,39
to,wreak,156
of,slot,70
into,slow,39
to,slog,51
a,wreck,475
a,gully,96
to,transmit,724
by,comparing,948
of,scrabble,46
to,tweak,230
of,ignored,29
to,slam,296
a,slap,657
to,slay,153
a,slab,385
to,fabricate,188
a,shingle,87
of,noting,25
a,brace,194
a,salve,73
of,brain,999
to,braid,67
with,localized,30
to,begrudge,34
in,brand,45
of,believe,31
of,merging,76
to,willy,32
to,brake,121
a,garter,55
at,tackle,35
but,acknowledged,87
at,sally,63
from,channel,30
to,slur,25
a,slug,208
a,slum,141
to,strangle,321
to,wrest,291
to,notify,616
of,canceled,29
to,exercise,3132
to,cajole,78
a,notice,516
a,rutted,91
to,compute,348
to,absolve,86
but,substitute,34
a,snip,26
a,stimulating,120
in,service,1068
a,snub,48
a,snug,168
of,lacquer,31
with,snow,611
a,sandbag,44
a,widow,867
to,guess,1281
in,guest,43
of,snap,59
to,assign,788
a,snag,121
for,letting,629
but,sold,50
de,sole,35
of,eavesdropping,29
to,solo,49
to,equate,354
to,assist,4403
in,soot,31
a,shutout,75
through,soil,28
to,suffocate,93
to,reinvent,613
as,sour,37
of,conversing,27
to,reinvest,126
to,fleece,41
for,escape,134
to,unearth,177
of,frustrated,78
to,minister,192
a,diversified,254
on,sort,78
to,pulverize,38
a,document,1330
a,quarrel,177
for,junk,56
to,jump,3633
to,soak,602
for,soap,42
to,soar,303
since,renamed,26
a,sock,275
to,wield,302
of,craving,24
a,terrace,186
to,spot,1659
into,greased,38
to,tempt,271
as,befitted,57
to,inhale,214
by,correlating,49
in,summarizing,46
to,poach,57
to,persuade,3091
a,glorified,163
of,spun,43
a,spur,126
to,deport,183
to,depose,129
a,span,314
a,spar,23
a,spat,65
with,spit,32
after,injuring,39
with,spin,25
a,complicating,41
to,spew,78
by,singling,23
as,guide,68
to,destroy,4638
to,encircle,101
of,tense,91
a,guillotine,62
to,fatten,108
to,peruse,107
from,minute,27
past,glory,46
of,gloss,45
by,approving,60
in,gloom,25
to,interrupt,1255
to,multiply,267
a,surtax,52
a,caption,146
a,twang,26
a,snicker,37
a,clutter,58
but,avoid,130
a,crevasse,60
a,globe,187
to,gloat,90
for,conspiring,57
to,amuse,323
to,disenfranchise,34
to,avenge,356
from,arguing,34
to,whittle,112
by,mimicking,63
to,relativize,28
a,flaring,23
to,yield,1186
to,conceal,1363
a,catalog,515
to,industrialize,55
a,bobsled,28
of,braised,38
of,invited,42
to,recheck,23
with,tissue,71
to,outstrip,40
to,baby,207
from,bach,40
since,back,32
in,border,103
to,evade,560
a,cloister,26
to,loosen,902
to,balk,62
at,ball,101
a,bale,91
to,bake,628
to,assert,1439
opposite,bank,124
a,stag,66
from,band,28
to,bang,209
from,star,113
to,assess,7129
a,stab,381
to,assent,27
for,bail,42
a,bait,123
in,apparel,43
to,huddle,69
a,regiment,116
of,legislating,30
from,concern,46
for,concert,30
to,validate,665
about,reform,100
to,concede,655
for,pension,57
a,polka,49
a,conceit,36
to,deploy,940
a,raging,401
in,default,121
a,terrified,182
to,exploit,1751
of,witch,57
of,receding,27
a,roast,187
to,collide,143
of,coerced,31
to,explode,932
of,embrace,31
a,stun,99
a,stub,37
a,stud,162
to,suck,676
to,explore,7580
to,manipulate,1467
on,ponce,30
in,bath,72
with,spouse,25
a,bash,42
to,retrace,164
to,bask,169
a,stew,191
to,retract,143
a,stir,538
in,ambush,78
of,generating,360
but,stay,326
with,stem,74
but,step,41
to,bark,191
a,base,1897
to,retrain,157
a,trumpet,239
a,barb,30
of,paddling,56
a,bard,46
as,bare,35
to,stow,111
at,stop,36
with,pinpoint,42
but,changed,126
to,delight,205
to,leapfrog,72
to,preoccupy,26
to,bawl,36
from,silver,88
a,retrograde,31
to,constrain,208
a,synthesized,27
to,proliferate,129
into,sauce,31
to,salvage,656
to,bypass,571
plus,overnight,26
to,imprison,74
to,seduce,415
as,brief,102
to,suit,1395
a,freckled,46
as,brick,24
to,bribe,280
as,taught,44
to,suss,29
to,tenderize,29
of,surf,91
to,comport,30
a,sulk,24
of,bring,86
to,brine,29
a,compost,168
to,compose,726
to,embed,113
to,evolve,998
a,jammed,41
for,worship,123
of,purified,34
a,bloodied,54
to,analyse,60
a,pirate,422
to,notch,27
to,remediate,72
to,swab,38
a,swag,27
a,swan,210
with,program,73
to,evaporate,206
a,swap,105
a,swat,77
to,sway,437
to,preclude,242
as,brave,104
to,depict,646
to,unclog,36
to,convince,5955
a,brawl,190
of,startled,52
a,samba,29
of,differentiated,28
a,guiding,215
to,captivate,49
to,dismiss,1627
to,arbitrate,59
of,reflex,34
at,control,46
a,concave,59
a,belt,688
like,bell,38
to,empathize,164
to,bend,1016
in,voicing,25
to,assail,40
of,best,443
to,scuttle,133
a,waxing,61
in,stating,131
of,station,119
a,sponge,466
in,humble,65
to,evaluate,4575
a,swim,450
a,swig,256
in,combatting,33
to,typing,23
a,wince,42
a,winch,72
to,switch,1942
for,forage,25
at,compromise,27
to,repaint,58
to,intrude,265
in,overweight,24
to,unbuckle,40
a,been,32
to,beep,40
like,beef,33
to,typify,30
in,bear,94
but,beat,29
of,beam,46
at,bean,30
a,bead,332
to,gratify,67
a,write,29
of,twist,32
to,wring,210
to,knuckle,36
of,retreat,119
in,penance,23
of,twine,95
of,poise,38
as,promised,397
of,lending,125
to,twirl,51
than,decrease,23
but,disagree,25
by,revising,23
at,point,405
to,reflect,4346
to,forbid,161
a,pick-up,109
as,mandated,82
a,trigger,331
a,guffaw,25
a,remodel,24
to,occupy,1129
to,conserve,942
by,consuming,86
as,intriguing,57
to,depend,1037
of,occult,44
to,re-sign,147
to,blacken,52
like,swimming,89
a,cascading,69
for,captain,32
of,ionizing,39
a,swivel,88
to,facilitate,2878
to,reevaluate,213
of,understated,27
to,tether,23
but,survived,47
of,bread,2004
of,break,111
to,whiten,35
of,sunburn,32
to,circumvent,510
to,interject,93
to,retrieve,1540
to,sync,39
by,grabbing,89
by,recognizing,307
a,breed,172
to,motivate,882
a,needle,969
to,collect,5199
with,bicycle,32
of,slapping,30
to,propose,1285
by,determining,176
a,blackbird,48
for,conceptualizing,46
to,brandish,37
to,summarize,550
of,cured,31
at,feeding,53
to,redesign,245
of,grumbling,42
a,crusade,342
a,nodding,32
than,continue,61
to,hazard,50
by,battle,24
of,counter,59
of,blackjack,29
for,inducing,42
to,batten,26
of,batter,97
to,amend,628
by,featuring,39
to,double-team,24
by,conflict,71
of,bite,52
a,tincture,26
next,scheduled,70
of,budgeting,31
than,admit,46
a,contour,51
to,dominate,1835
to,relax,2413
to,relay,235
to,forego,213
a,bifurcated,35
of,curry,69
to,bide,59
to,preside,203
of,indentured,29
on,forest,138
to,compile,358
by,gluing,44
next,curve,24
from,bias,26
a,curse,822
of,dueling,49
to,contort,25
to,bilk,29
at,bill,218
to,legislate,362
of,bike,184
to,bind,547
with,bing,34
of,bargain,39
to,permeate,79
in,honour,32
to,complain,1742
to,remit,35
to,exterminate,143
to,intersect,65
to,donate,1224
as,glass,155
for,gambling,123
a,glare,165
to,diversify,569
to,agonize,41
a,backstop,34
to,quench,106
to,avail,121
of,seducing,23
of,upright,56
a,patent,762
with,escalating,25
of,carved,146
a,bootleg,54
a,deflated,60
of,kept,49
of,fabricating,33
in,kern,24
to,smolder,43
to,forget,3784
of,kemp,27
of,forged,32
by,imitating,70
before,venturing,58
of,kent,177
a,tease,110
to,maximize,1970
to,generalize,396
of,forgot,39
of,bulletproof,26
to,adore,85
to,adorn,116
by,influencing,66
of,esteem,52
to,renew,1057
to,recollect,55
to,adopt,4245
to,depart,535
to,glaze,69
outside,counsel,114
of,assassinating,24
by,simulating,31
to,teach,11682
to,analyze,2903
in,disregard,24
to,keel,26
with,keen,70
to,keep,69860
to,romanticize,89
to,hamstring,30
to,disprove,147
to,indoctrinate,58
to,amass,218
a,blur,961
to,unbutton,88
a,luncheon,316
until,doubled,124
to,amaze,189
a,stampede,157
a,blip,279
of,blew,56
for,retired,108
to,unload,527
to,redevelop,105
a,muddle,68
to,refer,1880
of,shoving,25
to,jostle,38
of,commuting,75
to,unlock,445
a,blob,82
in,computerized,34
a,blot,60
next,blow,25
to,delimit,26
of,tank,73
after,tasting,30
considering,buying,64
to,compete,5436
to,ignite,332
on,tape,1425
like,take,56
to,tame,396
to,tamp,89
to,endorse,1013
in,talk,92
a,kangaroo,111
a,notarized,31
without,choking,25
to,socialize,397
to,enlighten,188
by,taxi,50
with,task,42
a,tart,141
a,clunk,29
to,clump,41
as,sleeping,40
of,required,213
on,shaping,26
of,formulating,76
to,peter,657
with,preserving,66
a,coordinating,65
a,tail,467
of,enslaved,23
a,premeditated,66
to,tack,117
to,amble,26
with,complete,418
for,boat,52
a,roving,134
to,reify,43
in,balloting,26
to,reign,147
but,indicated,52
but,withdrew,40
a,kick,1000
a,boil,3146
to,microwave,66
to,reopen,741
to,withdraw,2575
into,body,43
in,leasing,28
of,bleach,108
a,bronzed,32
to,contrive,35
beyond,compare,49
a,compass,405
a,caravan,177
with,fallen,46
a,window,4328
to,refuel,154
to,bestow,197
to,determine,18469
of,jaundice,31
to,catalyze,35
to,explain,14846
a,deadlock,55
a,fallow,30
to,refund,81
for,brunch,96
a,forearm,81
to,anoint,66
a,refuge,501
with,solving,38
with,raping,45
a,boob,50
in,boom,32
a,boot,385
as,book,27
to,refuse,1123
a,bore,208
to,ventilate,45
a,born,306
to,refute,378
to,inundate,24
to,universalize,35
for,bond,70
for,bone,137
a,bong,33
of,bomb,162
to,bolt,277
of,bowl,149
a,bulwark,145
by,accusing,101
to,kiss,2318
a,church,3638
a,kite,325
to,constitute,467
a,kiln,59
a,kill,169
as,boss,31
a,kilt,62
like,king,43
but,urged,26
of,humour,49
at,guard,71
to,accommodate,4191
to,exorcise,121
to,recreate,565
on,stolen,31
to,mumble,57
by,further,161
to,accelerated,29
than,tripled,222
to,carpet,28
to,reset,172
for,mixing,100
to,upload,99
with,island,26
a,format,308
for,motivating,46
a,resin,39
without,ceasing,46
of,contest,59
for,fighting,505
a,hazing,24
a,factor,4139
of,mediating,48
a,shipwreck,103
a,brew,64
a,saber,81
through,counseling,50
to,brag,352
about,company,29
on,test,227
per,term,26
from,enforcing,70
a,warehouse,660
to,glide,185
than,continuing,65
with,compact,39
a,brim,23
to,retry,66
into,turmoil,70
to,regale,44
to,regain,1797
under,subpoena,75
with,team,163
to,tear,1508
a,befuddled,28
in,tent,40
to,tend,537
to,elude,270
a,temp,119
a,mummified,24
with,regard,5360
for,transfer,186
to,eviscerate,38
by,stipulating,27
but,tell,419
as,confusing,41
to,retch,32
to,certify,360
from,noise,36
to,substantiate,305
a,treble,23
a,coauthor,62
of,accession,37
a,disgruntled,201
to,escalate,365
by,deliberate,28
in,crayon,28
but,differ,29
a,giggling,33
to,reuse,118
of,deep-fried,30
by,parachute,36
to,capsize,40
to,accustom,33
for,loved,56
to,enunciate,57
in,transcribing,23
a,glint,232
to,disgorge,39
of,sparkle,38
of,improvising,40
with,moderate,313
to,unleash,296
in,denouncing,41
a,fusillade,40
a,sabre,29
to,unlearn,67
a,louse,36
to,restructure,549
from,lower,318
with,bringing,132
a,reserve,468
of,dehydrated,31
a,two-track,56
with,knee,82
for,solace,65
to,widen,468
to,torpedo,47
to,bruise,38
to,contend,951
but,content,40
for,conceiving,23
as,balanced,31
but,knew,336
to,ignore,4463
a,knit,100
a,thaw,78
to,pester,37
to,engulf,142
a,huckster,23
at,pebble,25
to,revel,142
of,satisfied,49
of,underachieving,38
of,slumber,31
to,institute,463
a,typewritten,37
from,forward,26
to,please,2701
to,procreate,82
a,bulk,86
to,bump,335
of,bunk,42
to,detonate,199
in,loose,160
of,ionized,57
a,bull,905
a,buff,38
to,pre-empt,81
a,bust,444
at,busy,32
a,tiff,24
of,ties,234
a,burr,47
to,bury,1232
as,bush,362
next,tier,24
a,butt,105
to,buoy,42
a,bunt,57
a,tidy,452
of,tide,55
a,burn,214
a,burp,38
a,tick,164
to,elope,41
of,rendezvous,30
to,reorient,114
a,knob,159
but,know,144
a,knot,713
of,respiratory,265
on,thin,221
with,buck,39
a,thud,340
as,emphasized,33
to,contain,2615
to,deliver,5903
a,squeegee,30
to,digitize,71
for,present,148
to,transact,36
to,glitter,31
to,ameliorate,221
to,describe,8639
to,overdose,34
to,reply,571
a,disheveled,64
a,tint,30
a,buzz,479
to,winnow,50
to,mobilize,994
a,prickling,27
to,repel,289
to,repay,863
along,time,27
in,till,36
of,tilt,24
a,tile,113
of,hedging,29
a,mobility,56
to,rappel,39
of,tire,131
in,constituting,24
a,focused,218
of,contrast,214
to,invigorate,66
a,militarized,23
in,evoking,23
of,uplift,34
to,criticize,1399
by,dismantling,31
of,hemorrhage,26
to,resuscitate,171
a,smudge,155
to,admonish,68
to,reallocate,46
to,falter,139
a,throbbing,105
with,contract,32
of,consolidated,34
of,monkey,76
a,gleam,200
to,epitomize,59
without,spoiling,26
to,glean,187
from,caring,42
to,avert,693
in,redding,44
to,meander,55
to,tapping,29
in,contact,2016
a,rerun,148
to,evangelize,63
to,malfunction,41
on,cooper,24
to,attribute,468
to,liberate,664
to,subvert,333
from,pursuing,163
to,rekindle,145
by,clinging,48
to,energize,209
of,give-and-take,26
to,conflate,54
to,envisage,73
a,commission,1152
for,charging,68
following,address,47
a,facsimile,99
above,suggest,29
to,reacquaint,34
less,elaborate,37
to,attenuate,53
to,enact,1013
of,stereotype,42
by,submitting,91
a,tremor,206
to,inflame,115
a,toppled,29
as,enticing,29
by,pitting,29
to,chastise,83
with,concentrated,34
of,powdery,33
at,campaign,75
to,inflate,275
in,inventory,81
like,baking,28
to,stake,329
of,trench,49
of,stain,33
of,waste,1169
but,stand,73
a,crater,224
of,purging,37
to,stalk,154
to,stall,266
like,stale,26
a,stamp,324
of,dizzy,36
of,franchise,72
a,stack,1742
between,staff,52
a,textured,81
in,beaver,61
in,stage,204
to,deceive,408
for,shedding,23
a,dislike,71
to,participate,8913
of,discord,110
to,backtrack,120
a,simmer,560
to,persist,451
a,gliding,24
to,revitalize,420
of,toil,55
a,tomb,271
as,told,368
to,bulldoze,57
of,toll,40
with,fries,42
a,skipper,36
a,distress,86
a,fried,138
in,torn,46
to,petition,239
a,tote,67
to,caress,152
to,contradict,442
a,toss,112
to,tone,318
a,frill,30
to,exempt,226
but,took,251
to,tool,29
to,toot,41
a,toned,46
save,water,59
to,exemplify,107
to,adhere,647
to,overstate,219
from,start,443
but,stare,57
for,career,265
to,rediscover,234
a,stash,151
a,standoff,190
than,watch,60
to,contribute,2973
a,whistle,389
to,stave,499
than,state,96
of,mowing,37
to,rephrase,46
to,traipse,27
of,spying,193
of,skirt,25
to,condone,97
for,repeal,57
to,repeat,2401
a,neighbour,28
to,defuse,430
of,skill,675
to,skimp,51
to,repent,131
after,creating,51
to,usurp,125
to,endow,142
a,tooth,422
by,glancing,26
to,assassinate,483
by,refining,32
for,noticing,49
of,motorcycle,58
to,refinish,23
with,tour,42
de,tout,40
a,recount,330
a,girdle,48
a,disconnect,203
a,joking,54
to,imbue,74
a,gurgling,55
a,cylinder,193
in,redefining,39
as,outlined,262
to,circulate,381
a,chiseled,36
but,progress,87
of,account,113
to,unmask,70
to,discuss,10754
to,diagnose,660
a,modernizing,27
while,demonstrating,37
a,drone,85
to,refashion,40
of,drool,45
to,droop,77
of,horrifying,25
to,skate,382
a,divorced,357
to,hyperventilate,44
to,wrestle,543
to,foresee,178
to,recover,3743
a,trot,167
a,stooge,28
for,updating,39
to,occur,2734
of,induced,29
to,rouse,277
to,roust,25
a,trademark,259
from,route,26
of,acquired,152
of,whaling,59
to,educating,114
to,commandeer,65
a,tram,75
to,trap,453
but,drove,25
to,drown,632
by,renouncing,24
with,round,131
to,alleviate,1045
of,amazed,25
round,trip,526
to,trim,648
a,trek,142
over,rough,76
of,rouge,32
to,extirpate,24
as,district,67
on,tree,80
but,struggled,30
to,narrate,125
a,freak,679
a,devastated,63
through,reference,28
but,escaped,28
to,defray,129
of,merchandise,328
for,cake,38
of,stored,88
a,pledge,645
of,cage,35
as,featured,24
for,capturing,155
to,liquidate,151
of,muddy,147
to,demobilize,25
of,devoting,33
to,organizing,100
to,redirect,280
a,yacht,301
to,reminisce,107
to,whisper,532
for,baked,38
to,personalize,163
to,immortalize,37
de,winter,30
to,harass,290
to,stabilize,1230
a,barbeque,23
beyond,repair,237
to,subdue,331
a,patrol,321
but,represent,28
to,repack,30
a,card,1939
from,care,34
a,stumbling,139
in,cast,29
from,cash,44
a,carp,39
with,cart,36
from,case,102
with,camp,30
up,came,41
a,token,561
with,call,23
of,calm,398
a,liquor,308
a,socket,100
a,cane,699
to,starboard,244
a,shield,589
to,centralized,32
on,cave,26
of,fresh,2856
to,tamper,121
a,frost,55
a,touch,2311
a,froth,65
of,dissolved,91
of,front,153
on,turf,46
of,turn,211
to,underestimate,293
of,pacing,42
to,centralize,90
to,squander,129
to,harbor,231
for,barbecue,42
a,frown,433
at,prospect,54
but,concluded,54
a,tuft,95
a,frock,31
to,authorize,551
with,tube,25
to,crystallize,87
a,tuck,47
in,tune,726
of,irrigated,77
to,imply,884
to,inculcate,139
but,enjoy,38
a,regret,37
a,soundproof,29
to,jeopardize,279
to,replicate,954
to,overestimate,183
about,exploring,35
a,freeze,247
of,sending,779
to,reconcile,1316
of,patrolling,34
by,voice,97
a,sting,225
a,stink,149
a,manifest,58
a,replay,245
a,shrill,203
but,nodded,38
a,stint,515
from,still,50
a,shrink,215
a,shrine,529
to,shrimp,56
to,mislead,283
a,stopper,35
to,accrue,90
to,displease,29
of,stick,88
a,packet,484
to,deform,36
to,regrow,39
to,incapacitate,27
to,simulate,877
a,captured,123
a,reclining,70
to,heighten,282
to,detoxify,62
to,aggravate,78
in,anguish,146
to,cede,195
by,facilitating,84
a,towel,1414
a,tower,482
to,prostrate,23
of,synthesizing,40
of,twin,245
to,harden,203
a,twig,246
to,condemn,775
to,unveil,292
a,provision,869
a,cipher,72
after,report,27
in,repose,112
of,kibble,25
of,evolving,107
of,unraveling,33
to,accuse,505
a,soldier,2605
a,dagger,223
a,drawback,142
of,eroded,56
to,denying,25
a,watermark,29
a,tampon,48
to,dally,24
of,rewriting,43
to,subscribe,396
to,disburse,42
for,interfering,47
to,commander,45
as,laid,66
with,serrated,30
to,repudiate,146
of,instrument,106
by,lack,169
in,lace,36
of,coffin,25
to,land,3254
up,lame,23
for,lamb,33
to,babble,44
for,difference,61
to,impregnate,49
for,type,181
to,regurgitate,26
in,accord,552
in,nurturing,51
to,excrete,38
to,waver,103
a,seesaw,71
to,troubleshoot,50
in,tyre,37
but,realized,109
a,chop,70
a,mulch,67
to,castigate,46
to,outperform,142
of,normalizing,29
a,lecture,1140
a,dryer,94
but,am,141
to,redistribute,176
like,be,27
a,casserole,156
as,do,1785
a,chum,24
to,chug,33
a,go,579
out,based,31
to,steal,2543
off,steam,191
for,league,29
to,barge,58
of,fired,39
as,resembling,29
to,steer,1229
on,steep,154
to,lash,177
a,lark,247
of,lard,74
to,laud,30
of,pi,38
like,steel,106
on,last,598
to,defraud,173
to,chew,564
about,releasing,48
de,st,45
on,chip,24
of,chin,23
of,purifying,31
saving,up,122
to,affix,73
a,chap,41
to,chat,793
a,bulging,126
a,calibrated,45
to,finalize,194
a,dining,489
to,presume,187
to,reimpose,35
to,define,4727
to,acquire,3394
with,bated,39
to,update,873
per,batch,123
to,bathe,359
to,cite,633
to,annihilate,135
to,distract,884
to,shriek,83
a,glimmer,417
to,engage,6222
as,frustrating,45
in,collaborating,26
to,baste,36
of,re-creating,36
a,fellow,3323
a,basset,24
a,waxed,26
to,waylay,30
a,harbinger,295
to,belabor,54
to,improvise,412
a,beagle,58
while,total,26
of,posturing,45
a,colonized,32
to,rumble,121
to,munch,119
from,hunger,169
than,submit,28
about,improving,134
in,alternate,68
to,pacify,175
to,shimmy,38
to,associate,855
but,sought,27
to,defile,31
a,grudge,347
of,approved,92
to,seethe,23
to,cradle,98
for,lent,60
to,lend,1257
to,decapitate,29
to,defrost,46
a,levy,49
with,demonstrated,29
to,broil,75
about,seeking,68
of,broke,48
of,smuggled,24
a,rogue,427
of,robbing,80
a,harvest,178
to,surmount,123
at,left,1123
a,leer,44
to,reapply,104
of,stunned,102
to,dismount,56
from,lead,69
of,leaf,231
to,reprogram,75
of,leap,23
of,leak,26
of,lean,180
a,warrant,766
of,napalm,41
by,controlling,249
in,club,95
to,clue,43
of,distrust,165
a,sphere,325
a,pound,1586
to,source,93
a,bejeweled,28
to,rethink,1109
on,lying,26
a,padlock,74
a,pouch,220
to,restrict,1333
a,frenzy,702
a,brood,65
a,brook,80
a,broom,445
a,clip,864
a,claw,138
of,clay,601
a,clam,96
to,evict,210
to,clap,159
with,financing,52
to,clog,91
a,clot,95
on,brown,78
a,fireproof,30
to,trespass,47
for,treasure,69
a,squeak,108
a,squeal,112
to,reenergize,24
of,dangling,34
to,criticizing,29
a,poison,241
a,fulfilled,26
a,bludgeon,24
to,scavenge,68
to,hypothesize,83
to,misinterpret,42
with,dread,257
from,dream,25
to,gather,3437
under,armour,46
since,sliced,47
to,comprehend,1214
a,capture,28
to,defend,7548
a,pistol,964
a,miniaturized,26
of,legalizing,45
a,leather,994
to,readjust,124
by,collapsing,26
of,mangled,28
by,specifying,65
by,empty,46
on,resolving,38
of,approach,399
to,recuperate,180
in,dress,151
to,hunker,81
of,distilled,52
to,dramatize,192
of,ticket,96
a,cock,94
as,code,32
a,debased,31
a,mesmerizing,76
of,deceiving,40
to,mitigate,724
down,coat,25
to,integrate,2107
by,coal,57
to,coax,504
to,internationalize,45
to,tickle,135
to,establish,10005
to,implore,31
to,outlast,71
of,arousing,33
next,paragraph,74
a,defect,215
a,banquet,316
as,occurred,119
to,implode,64
from,defeat,39
to,exaggerate,349
a,beacon,449
of,inspiring,81
over,power,183
a,wonder,666
without,notifying,50
as,live,71
to,undergird,32
on,list,35
for,deciding,171
a,lisp,36
to,savor,493
for,diagnosing,70
to,internalize,193
a,convoy,393
to,acquaint,143
but,saved,27
a,lattice,93
a,stockade,24
to,shroud,24
as,marble,44
but,wrote,38
a,comb,286
for,lift,29
than,come,36
from,wrong,263
a,make-up,24
but,cook,33
but,cool,76
of,cone,23
a,coil,128
of,coin,49
from,overwork,24
a,magnified,44
a,coke,122
a,convex,39
to,convey,2275
to,lick,369
of,link,36
of,line,1120
a,squawk,26
of,torturing,47
of,coup,55
of,lint,77
to,limp,95
in,cote,61
from,lime,26
of,identified,67
to,begging,43
a,cove,76
per,copy,43
to,forfeit,199
to,cope,3284
about,character,134
to,saute,67
a,cost,2092
from,limb,71
a,lilt,33
with,cord,26
on,core,70
bar,like,45
a,cork,154
but,corn,30
to,populate,141
to,elevate,488
to,oxidize,31
until,squash,39
with,square,64
of,birch,128
a,smiling,450
with,purpose,159
a,scourge,81
a,squall,63
a,silhouette,183
by,routing,25
to,recycle,428
to,overpower,124
of,coddling,28
a,savvy,256
to,recapture,541
to,deface,28
to,cram,244
a,crap,121
a,crab,254
to,visualize,521
from,tumbling,36
to,photocopy,23
of,crew,101
for,anger,67
a,crib,211
per,section,55
during,birth,27
to,defame,45
to,scrutinize,330
to,restrain,794
by,chopping,35
to,award,430
of,agitated,24
to,drape,104
to,bitch,38
a,cease,104
like,roger,62
a,drawl,37
to,optimize,425
to,posit,132
of,circling,39
to,outsmart,91
in,verse,169
to,overdo,100
by,snapping,39
to,shiver,172
of,fractured,43
to,angle,60
from,crop,38
for,wireless,131
as,enunciated,24
a,blister,136
to,crow,112
to,await,382
of,draft,164
to,awake,44
a,drain,321
as,defined,811
to,entangle,42
after,conferring,38
to,infiltrate,330
of,dimension,47
into,overdrive,203
to,incriminate,74
of,cajoling,24
a,paunch,51
to,reheat,104
for,planned,66
between,warring,36
to,waive,306
for,evading,29
of,ritualized,24
of,changing,1304
to,repress,227
without,using,490
to,neutralize,437
to,miscarry,23
a,twitch,116
to,embody,394
to,legalize,289
a,dominating,127
to,loan,196
a,loaf,605
per,load,30
to,civilize,56
for,flower,41
in,loco,97
in,lock,62
of,nagging,40
to,waken,37
of,packaged,66
to,applaud,316
a,cuff,65
of,basing,39
of,shimmer,26
to,cuss,36
to,loll,24
a,curb,179
to,curl,310
a,cure,1636
a,loft,183
to,decreasing,33
to,cull,95
as,dirty,99
but,noticed,25
during,field,56
to,dispatch,217
a,bobbing,30
a,cube,174
by,clarifying,56
to,inflict,510
to,scorch,38
to,astonish,35
but,scored,26
as,quoted,126
without,access,227
of,accent,71
to,refurbish,144
on,scores,69
than,accept,95
to,reintroduce,221
a,showcase,383
a,pauper,90
to,catalogue,73
to,verify,1541
of,shaken,23
as,lord,32
to,hallucinate,28
to,accede,124
to,lose,12490
with,long,1977
of,inconvenience,46
of,forgetting,167
of,lope,36
like,look,35
to,loom,94
to,decimate,42
of,loot,47
of,loop,25
a,blueprint,560
a,hacksaw,75
of,installed,31
at,lowe,39
into,love,79
in,outline,54
to,masturbate,85
to,jockey,30
to,relaunch,24
a,reprint,53
to,innovate,267
by,marcel,39
a,quarter,6684
to,outlive,74
of,resuming,44
of,salvaging,39
a,leased,46
from,discontinued,27
in,reconciling,45
of,yellow,1314
of,dispersing,35
to,allocate,462
but,fight,23
on,applying,42
to,cremate,27
to,brainwash,37
like,frank,158
a,snowshoe,25
a,ditch,546
to,waltz,60
of,image,437
as,signifying,25
after,smoking,33
into,frame,368
as,callous,26
a,garrote,25
by,speeding,62
of,modifying,57
of,depriving,29
to,shortchange,31
to,diagram,32
on,foster,50
of,barbecued,36
to,devolve,58
a,relapse,125
to,fucking,62
a,flourish,374
to,resurrect,300
a,rigged,53
less,welcome,37
a,voyage,256
down,market,100
to,disengage,183
of,thunder,464
to,indulge,705
to,burnish,72
to,implant,162
as,conceived,61
to,reprise,50
of,massage,100
to,annex,140
to,mesmerize,26
in,favour,206
in,shaded,25
a,sodden,53
to,startle,140
with,shadow,45
to,sprinkle,132
by,graduate,71
to,annoy,214
by,intervening,51
while,enhancing,48
a,squint,36
with,displeasure,25
to,squirt,56
a,squire,24
to,squirm,115
to,overshadow,112
to,procrastinate,42
from,stealing,74
of,indulging,40
of,visionary,60
to,encrypt,52
a,wafer,48
to,cringe,43
to,unnerve,51
as,single,167
to,undo,770
at,half-mast,71
of,slight,61
in,anticipating,38
with,usher,32
for,snoring,23
in,disdain,43
to,drift,655
to,coerce,236
to,engrave,24
to,evoke,676
of,brush,246
as,sculpture,35
with,toast,43
to,enfold,23
to,testify,2913
but,dried,33
in,lynch,26
to,smother,154
to,annul,50
a,starved,24
of,turtle,44
to,concoct,124
a,wagon,484
a,treasured,99
of,accumulating,75
of,labour,145
to,proselytize,93
a,wager,79
of,margin,44
a,lump,1014
a,droning,29
a,lull,286
a,roost,25
to,rehash,64
a,twinge,387
a,sponsor,335
to,sublimate,36
to,lurk,57
a,lure,216
of,traumatized,26
a,lute,42
by,distributing,100
by,lush,51
of,lust,205
for,drink,46
to,stimulate,1706
a,drill,438
of,unplanned,26
on,shoulder,31
in,investigating,191
a,snorkel,29
to,herald,80
of,reproach,50
to,pretend,1422
next,purchase,24
in,luck,239
into,drive,62
by,tying,172
of,encounter,89
a,scowl,178
for,drizzling,31
a,stigmatized,32
than,surprised,24
in,favor,9495
but,suffice,57
to,paddle,169
to,declassify,69
to,suckle,39
following,quote,68
to,aspiring,42
to,scoot,86
to,scoop,322
a,sling,273
to,scour,163
with,intimate,56
a,sucker,361
to,slink,45
to,scout,280
to,scorn,64
in,score,29
a,slime,31
with,phone,177
to,scoff,46
to,scold,133
a,furrow,54
in,distaste,43
per,slice,87
from,object,24
of,maroon,30
a,slick,437
a,slide,696
a,pitchfork,93
through,gritted,83
a,bankrupt,123
into,abstract,26
with,counterfeit,24
to,liken,23
a,telegraph,52
of,liked,135
of,bathing,47
to,foreclose,112
to,dabble,71
by,allocating,42
of,assembling,106
to,discredit,707
to,endeavor,23
of,speculating,25
by,varying,175
of,example,131
a,perfumed,29
for,vintage,54
to,scrap,300
a,carpenter,651
with,assault,169
to,skyrocket,103
before,plunging,60
a,lather,62
of,servicing,41
to,reconvene,36
to,isolated,64
of,bronze,178
a,scramble,119
a,ripped,65
to,ionize,24
to,resettle,138
to,urge,756
in,counterpoint,72
a,boycott,448
to,insinuate,78
for,exact,49
to,overeat,78
of,canceling,38
before,filing,58
a,limit,926
to,predominate,66
a,scrum,25
of,scrub,99
a,punctured,58
a,temper,322
a,dado,33
to,intercept,513
to,prefer,564
to,exhume,77
to,halve,69
to,regress,55
a,brimming,29
a,prefix,28
a,screw,203
to,intercede,146
to,reattach,47
to,stymie,61
a,paragon,146
of,disciplined,55
a,banned,93
a,daze,332
to,corral,130
from,color,37
to,writhe,33
a,sleek,586
from,sleep,275
to,sleet,24
to,damn,26
of,damp,194
to,disorient,30
to,starving,27
of,eroding,34
but,paused,33
to,rehire,55
to,stammer,47
of,farce,29
from,dawn,197
of,dart,24
into,dark,120
a,darn,150
a,dash,630
of,scotch,210
a,dare,152
of,pollard,27
in,date,33
to,embellish,110
a,corset,72
for,bullying,41
to,replant,62
a,bushel,233
on,encouraging,59
to,vaccinate,130
a,jump-start,48
to,levitate,61
to,deviate,145
to,re-examine,204
to,inject,620
of,strangling,23
than,replace,39
to,infer,387
a,chosen,172
to,deaden,47
to,digress,34
to,marginalize,135
of,practicing,324
in,chorus,77
a,fillet,49
of,interwoven,29
in,duplicate,47
of,topsoil,108
to,stretch,1547
in,broken,186
to,threaten,946
to,overflow,60
to,gravitate,129
to,crucify,36
of,hoping,94
to,animate,93
a,shaped,31
with,overlapping,56
a,programmed,28
to,percolate,58
to,sanctify,48
a,kitten,246
a,clipped,58
to,dedicate,327
to,earmark,32
to,aggregate,75
to,preach,599
to,sanction,195
a,prostitute,893
a,conga,45
but,choose,41
for,light,451
in,deed,51
to,deem,39
to,defy,613
at,fault,696
to,negate,171
but,deal,28
to,tangle,97
with,sparkling,76
to,lessen,572
of,deck,52
but,deny,31
to,dent,55
for,lesson,39
of,infiltrating,23
to,adventure,67
of,diluted,36
in,utter,201
on,project,67
to,germinate,119
a,blemish,65
of,misusing,29
while,promoting,98
to,systematize,39
to,harry,466
to,delegate,206
a,sketch,539
to,blackmail,188
in,requiring,61
to,banish,284
a,pellet,60
to,deconstruct,142
to,explicate,102
to,disentangle,146
for,combating,95
to,buttress,178
of,worshiping,23
to,coagulate,25
of,scratch,23
as,made,79
of,admiring,42
to,exhort,38
without,haste,23
to,make,165688
of,malt,44
a,petting,81
to,maim,52
in,mail,43
to,overlay,23
to,sully,37
by,postponing,29
among,developed,31
of,overlap,139
as,timber,38
to,idealize,66
of,connect,25
to,destabilize,284
to,desecrate,33
at,corner,28
to,symbolize,522
a,startling,771
from,inset,34
for,internalizing,35
to,oppose,1588
to,capitalize,907
to,rationalize,350
a,face-off,59
to,insert,566
to,enjoin,86
at,puzzle,28
a,callus,25
to,examine,8160
to,execute,1154
to,thank,5085
to,obsess,86
of,inter,31
before,mass,43
a,mast,48
of,mate,39
to,mask,533
a,mash,38
a,fictionalized,60
from,matt,56
to,maul,23
to,hatch,171
with,spiced,43
to,bankroll,86
of,rejoicing,28
a,mark,1017
a,hated,46
by,balancing,78
a,socialized,23
a,drugged,40
a,maze,747
of,marvel,54
of,license,98
to,dine,405
a,ding,30
by,dint,157
as,caught,31
of,bother,25
until,knife,28
to,exist,2612
to,slump,66
for,scaring,23
into,exile,446
to,collaborate,669
a,monitor,465
a,dike,46
to,deserve,355
a,dive,382
for,greasing,51
a,haven,719
to,implicate,150
to,dirk,24
to,disc,23
in,dish,40
as,distance,64
a,cashier,169
as,posing,26
a,martyr,515
to,unwind,291
as,diet,48
to,bemoan,33
of,died,28
of,chagrin,28
a,dial,216
to,haunt,765
as,experiencing,46
of,dice,76
to,regroup,307
of,lined,31
a,sliver,478
to,outflank,57
of,scrambled,54
to,understand,25760
from,chapter,49
to,modernize,521
a,flapping,47
to,insulate,309
of,proselytizing,24
a,couch,801
to,emulate,911
as,sugar,96
of,uniting,100
to,exalt,55
of,intertwined,25
to,exclude,1218
to,disqualify,119
of,shaved,31
on,caucus,31
to,punctuate,92
to,meld,143
to,excel,510
to,mend,373
to,melt,819
a,ripple,498
a,gallop,115
of,prepackaged,25
a,choked,56
to,harangue,24
of,mess,56
to,mete,31
a,mesh,176
of,filter,67
to,initiate,1291
with,cover,43
to,covet,46
to,bolster,1247
a,vignette,79
a,cough,353
of,colliding,32
about,could,27
to,overpay,24
under,court,111
to,maintain,12813
a,meet,139
a,gold-plated,57
of,count,86
to,understate,71
about,aging,138
for,mean,56
of,licensing,110
to,nullify,105
a,syndicate,49
to,snowball,33
to,obfuscate,37
to,cower,44
to,canonize,26
to,assemble,1292
a,counterbalance,61
about,suing,24
for,satellite,65
to,migrate,368
on,input,42
but,leaving,147
into,disarray,70
but,insist,40
to,disappoint,382
to,correspond,274
following,segment,94
of,whining,59
to,slosh,28
down,slope,23
to,approximate,207
to,precede,98
to,relegate,81
in,niche,27
in,vail,197
to,knead,76
of,synchronized,26
for,finance,92
a,blanket,2062
to,demarcate,52
to,exert,813
to,vary,597
a,vamp,27
to,kneel,241
to,misunderstand,104
of,internalized,40
to,foretell,47
of,democratizing,32
about,surviving,47
less,respect,48
a,referee,197
of,wiggle,60
a,typed,71
to,repatriate,88
a,suction,83
a,lullaby,158
to,hydrate,47
by,referring,275
to,impoverish,24
a,dock,263
of,terrifying,51
a,hired,217
to,unfasten,29
of,competing,726
a,merged,23
to,calculate,1605
of,blaming,132
to,overrun,82
to,distribute,1306
for,executing,33
a,refueling,56
a,garbled,41
of,vitriol,31
to,muffle,110
to,oversee,1144
a,cordon,55
of,hustling,23
as,miss,46
by,mist,24
to,doze,114
to,pamper,87
upon,completing,49
a,strip,1031
to,chuckle,119
of,dove,59
to,mint,25
to,underwrite,246
to,republish,25
down,down,32
to,purify,206
to,evacuate,886
a,tempest,82
to,strap,156
of,stray,74
of,straw,330
a,tender,485
to,derive,591
a,completed,182
a,doll,665
for,dole,92
to,broach,125
to,strengthen,2681
to,sequester,62
for,does,47
as,mike,283
of,outraged,36
as,describing,30
to,dote,25
a,mime,59
a,mind,998
to,dose,54
of,mill,25
with,enamel,27
up,milk,24
about,done,69
a,doping,35
in,disgrace,189
a,barrage,527
a,dome,220
a,prelude,478
of,dope,78
of,doom,409
to,enter,7674
to,cooperate,2423
a,quack,51
of,coast,82
by,activating,50
to,demoralize,42
as,conceptualized,26
in,slalom,39
to,upgrade,1138
to,hitch,143
of,tagging,37
to,glimpse,268
to,frolic,40
to,ensue,42
to,magnify,108
from,overuse,24
for,coach,232
to,strum,25
of,tenant,40
of,expelling,24
between,number,35
to,deride,44
for,neglect,32
to,strut,124
to,alight,33
a,babbling,28
in,drag,199
down,vest,39
to,dehumanize,36
to,draw,7996
of,drab,32
a,freelance,1387
a,vent,125
to,aggress,48
a,spread,260
of,outfit,28
a,cackle,24
a,drip,129
a,tussle,56
to,outfox,27
for,drew,58
with,mushroom,52
but,voted,32
of,respite,52
a,scalp,56
during,phase,38
to,scribble,87
to,promulgate,129
on,scale,42
in,probate,26
to,scald,25
a,scarf,471
to,unwrap,59
of,scare,29
but,declined,201
with,scant,103
to,pulsate,24
for,examining,251
to,quash,165
to,veil,50
of,intensified,29
a,billow,28
a,vein,314
from,contaminating,24
a,quail,58
to,quake,25
to,veer,129
to,sharpen,405
a,flatter,77
to,frustrate,167
to,flatten,260
a,disguised,73
round,dance,28
of,drop,45
a,sloping,165
to,abrogate,61
a,trowel,88
of,imposed,33
on,drug,993
a,drum,528
in,ameliorating,24
a,fable,126
to,injure,203
but,forgive,27
a,pyramid,328
a,raised,500
a,midwife,207
a,crisscross,35
to,copulate,43
to,mutilate,29
a,tortured,155
a,hassle,235
of,suspect,73
of,fueling,28
to,reconnect,362
a,jingle,60
to,adjust,3102
with,muted,28
to,clench,44
a,crumpled,264
but,ought,24
with,donated,37
a,quadruple,52
to,suspend,788
by,fusing,43
to,skewer,52
by,infusing,43
of,vomit,80
a,hinge,91
to,fiddle,96
to,duel,29
to,reexamine,282
to,moan,106
on,stock,157
of,sprawl,47
to,calibrate,143
to,stoke,124
in,duck,37
a,skunk,159
a,snitch,87
a,dump,381
to,dunk,87
of,dung,77
to,shoplift,38
to,dupe,41
of,mock,98
to,envelop,77
a,moat,127
a,dull,1091
of,aggrieved,23
of,elongated,27
to,exhale,258
to,impound,26
a,scuffle,180
on,pressure,64
like,fruit,68
to,regularize,23
a,sprain,44
to,hasten,233
a,formalized,46
but,faced,61
as,inspired,42
a,burrow,66
a,facet,66
on,wooden,168
as,alluded,23
to,repulse,37
in,generalizing,42
of,decoding,54
by,distancing,40
of,intermediate,140
a,troupe,106
a,grinning,133
a,display,1049
to,outbid,42
to,conspire,61
to,moon,31
a,stove,300
to,rezone,60
a,moot,159
a,lackey,32
of,stalemate,36
of,officiating,52
in,view,1878
with,mold,47
in,dust,201
to,molt,24
at,dusk,867
of,expense,75
to,prosper,360
from,stone,123
to,stomp,107
of,stood,36
bar,stool,152
a,preset,72
a,vise,146
of,visa,72
to,sympathize,159
in,store,939
of,storm,274
of,story,779
of,faded,132
a,move,3503
to,stoop,106
in,picture,82
with,purple,214
like,fancy,25
to,thread,130
to,respond,8777
a,spatter,43
a,slack,51
outside,threat,23
to,experiment,1293
to,demonstrate,4925
a,spirit,1143
of,pickle,24
a,spiral,523
to,fidget,52
of,outlaw,31
a,humiliating,191
a,dazed,108
to,chronicle,127
to,commemorate,707
with,style,216
a,pickax,41
a,picket,155
while,assuring,27
to,bicker,29
a,jimmy,58
by,superimposing,27
by,focusing,1055
to,exacerbate,132
of,retrieving,53
a,pancake,181
to,classify,595
of,silencing,39
by,damaging,24
to,pilfer,30
to,slash,511
from,slave,36
a,slate,239
to,derail,342
to,forecast,313
of,slain,111
to,slake,39
to,conceptualize,232
for,libel,92
to,audition,303
to,outdo,203
a,renovated,180
of,slang,58
to,slant,29
to,harness,441
to,discourage,1355
from,habit,33
to,incur,164
a,quilt,365
a,polarizing,131
a,merchandising,25
to,elapse,25
a,dyke,47
from,quiet,26
by,conceding,23
to,economize,97
a,quill,61
with,feedback,101
to,beautify,72
with,oyster,30
in,blossom,34
than,pursue,26
to,insure,1264
with,blackberry,24
a,crutch,194
to,insult,305
to,breathe,2586
to,acknowledge,3429
of,index,87
of,appropriating,42
to,dissolve,677
to,picnic,56
in,grease,46
to,ascend,230
of,divorcing,32
a,stabilizing,143
a,sentinel,53
to,mull,105
a,bungled,49
of,partition,65
to,enable,1910
to,muse,45
a,must,882
to,vouch,71
of,renovating,32
of,mute,24
a,retelling,44
by,underscoring,23
to,stump,94
of,stunt,26
to,disrespect,69
to,void,72
as,summarized,62
in,thrall,150
to,loiter,30
of,stuff,3130
a,stuck,68
at,study,62
but,listen,408
to,muck,45
by,author,227
of,rustling,30
to,faint,170
to,thrash,80
to,resupply,55
as,argued,76
by,admitting,104
to,victimize,44
of,grading,63
of,rebound,31
to,convict,735
beyond,question,88
to,apprehend,215
of,vote,92
of,poster,38
a,coded,114
to,reemphasize,23
a,generalized,319
a,proportion,255
of,terraced,27
to,minimize,3281
of,wrought,35
a,conduct,24
to,transgress,45
to,minimise,29
a,queer,160
for,queen,55
but,relieved,35
of,coupled,31
with,galvanized,28
to,quell,522
a,supervised,59
with,decreased,93
to,transplant,179
a,pinch-hit,23
to,encompass,537
to,canvass,42
by,pinning,23
a,spritz,44
to,emerge,2472
with,hiring,32
to,convene,281
in,structuring,95
until,spring,185
a,sprint,164
to,fulfill,2493
to,convert,2090
of,crunch,24
but,frozen,24
to,demilitarize,28
of,balance,1037
of,blurred,35
to,assimilate,540
with,famed,23
a,gallant,70
a,queue,76
to,culminate,49
to,peddle,158
a,journey,1510
to,necessitate,26
to,query,57
of,scent,87
a,quest,635
a,bugle,59
a,fenced,63
a,stopover,91
to,export,592
to,mass-produce,57
to,expose,1730
to,castrate,29
with,rifle,48
a,sonnet,84
a,coordinated,446
to,unsettle,59
from,occurring,215
by,apologizing,29
of,clapping,28
to,absorb,1869
to,enroll,886
a,buried,107
as,pitch,37
of,abating,80
of,letter,123
a,lathe,56
to,obtain,6616
a,launch,234
a,scythe,70
in,skating,37
to,latch,144
to,cleave,38
to,exclaim,50
but,refused,232
about,right,758
to,supervise,566
a,surcharge,100
a,beguiling,78
a,blouse,154
to,retaliate,361
to,navigate,1194
a,gamble,475
a,lasso,42
of,managed,400
by,confining,35
to,prevail,616
off,easy,116
to,earn,4205
in,ease,25
to,shudder,83
a,boondoggle,37
a,throne,163
a,throng,162
but,build,25
of,built,58
a,probe,284
a,blown,79
to,crochet,26
of,laugh,53
to,reassemble,92
of,echo,68
to,grimace,27
for,deriving,29
to,protect,23793
to,unfold,440
for,block,46
a,sticky,367
a,reunited,46
to,condense,107
of,blood,5531
a,bloom,57
to,interdict,76
in,protest,872
to,swindle,27
to,portray,1414
to,confuse,636
of,shredded,133
of,thirst,112
of,misconduct,237
to,outwit,100
to,commercialize,146
to,prowl,66
to,edit,472
to,prove,9922
for,certifying,25
by,poking,37
of,guided,98
to,eddy,25
a,revised,529
around,edge,56
to,pander,78
a,squeaky,78
to,revisit,565
a,rickshaw,49
of,proof,1103
from,smoke,61
a,prose,58
as,emerging,60
a,smock,33
of,spruce,106
to,anticipate,998
with,bitter,98
a,disparaging,44
to,pigeonhole,61
in,rethinking,28
to,reunite,303
to,thrill,79
to,weather,462
to,gouge,70
a,revived,93
like,blind,36
a,blink,227
to,construct,2539
a,burden,1271
to,thrive,884
to,spearhead,85
to,pinch,227
on,continued,56
by,adhering,52
of,amused,33
to,reread,102
of,drumming,40
to,smite,28
by,cruise,26
to,refinance,266
a,smirk,280
to,sprout,209
for,smuggling,62
as,prime,500
to,budge,241
to,disseminate,313
from,print,56
but,smile,133
to,renegotiate,230
from,price,76
of,chlorinated,30
a,reprieve,216
a,prick,93
with,pride,1003
a,blitz,91
a,thump,174
of,regulated,69
between,thumb,78
to,prevent,16161
a,thunk,34
of,sandwich,91
to,reunify,42
for,instilling,33
to,democratize,139
before,storing,46
to,reinforce,1473
to,postulate,70
in,laurel,106
for,reviving,70
in,exchange,4278
with,participating,25
to,expire,388
a,pavilion,70
from,master,32
for,freight,24
to,remember,10830
with,nail,33
to,teeter,49
next,ridge,41
a,mingling,27
to,officer,81
of,bribing,33
by,guaranteeing,42
to,outrun,195
to,hypnotize,46
to,belong,873
a,prize,745
to,conform,900
a,combine,40
a,lapse,116
but,excluding,25
for,sipping,24
a,galvanizing,46
a,pillar,423
to,repopulate,43
to,squeeze,1487
for,sacrifice,95
a,separated,69
to,enrich,659
to,partake,223
a,griddle,57
a,ruffle,28
of,intoxicating,27
of,pique,68
to,controlled,24
by,skipping,56
to,disabled,79
to,darken,147
a,certificate,506
for,bloody,24
a,jutting,52
on,introducing,42
to,broaden,904
to,liquefy,29
in,name,639
of,potting,34
to,envision,497
a,premise,138
a,pillow,969
to,dissipate,237
to,professionalize,40
with,prescribed,28
without,stepping,45
to,humanize,151
of,creosote,40
a,prune,32
to,displace,306
to,encroach,64
of,epoxy,40
of,cursing,33
a,bellow,47
of,blunt,59
of,scrimmage,275
of,relieving,51
to,impeach,356
before,impact,64
to,blurt,67
to,blush,79
to,rinse,179
to,reinterpret,97
of,praising,38
of,socializing,58
of,trekking,35
to,breastfeed,135
while,contemplating,26
for,accelerating,38
to,ripen,118
to,intern,25
a,ladder,819
to,transcribe,95
a,disadvantage,705
to,intend,28
of,laminated,42
than,compensate,33
to,squelch,129
a,prickle,31
to,written,128
of,hating,45
next,article,33
of,bruising,30
a,follow,96
to,undress,188
to,expend,241
up,owing,43
a,masquerade,66
in,close-up,73
to,neck,41
to,illuminate,603
without,need,56
as,estimated,56
to,withstand,1226
of,chevy,91
of,expect,23
a,somersault,40
a,swagger,63
a,ravaged,24
to,moisturize,36
for,slaughter,77
next,check,28
a,cheat,140
to,accessorize,31
to,intervene,1863
a,cheer,178
a,cheek,65
a,stress,389
down,near,309
to,rededicate,29
of,probing,72
to,venerate,24
a,portion,2797
by,mandating,64
a,pulsing,67
than,attempt,34
to,impart,397
to,subjugate,82
to,partner,282
to,rebalance,48
a,sojourn,49
a,gondola,94
on,pricing,47
to,impale,25
to,impair,50
to,deprive,364
of,burnt,208
to,pollute,156
for,burke,49
a,disorganized,75
a,thrust,94
a,stream,1749
to,streak,35
of,nest,37
to,autograph,73
to,juxtapose,58
to,schlep,32
to,burst,668
without,alienating,63
a,gurgle,37
to,regulate,2420
of,diversifying,31
a,bramble,25
of,wage,175
a,waft,25
a,cakewalk,105
with,wade,31
to,stifle,372
since,ceased,39
to,eclipse,116
to,want,4125
to,wane,170
to,paralyze,99
as,guaranteed,35
than,wait,151
to,wail,129
in,weight,417
inside,wall,50
but,walk,66
a,prologue,78
to,wake,2703
to,confine,257
of,crimson,120
a,wheezing,30
a,cornice,43
to,confirm,2848
to,pivot,82
to,impede,262
to,emit,189
to,confide,220
to,rehabilitate,387
to,wheedle,33
to,eradicate,690
in,reproducing,37
without,tripping,40
to,relinquish,551
in,envy,24
of,diagnosed,31
a,draped,24
to,publish,2039
to,furnish,340
to,hijack,168
than,become,26
without,provoking,40
after,wave,144
to,scheme,26
to,urinate,175
to,warn,1885
as,warm,253
of,warp,36
to,outweigh,119
as,ward,24
on,asphalt,70
to,expand,6501
to,wash,2114
to,bulge,68
to,irrigate,154
of,unifying,60
to,predict,3480
as,hypothesized,107
to,bully,161
to,chafe,52
of,practice,1939
a,named,62
for,remodeling,40
a,breeze,1143
to,americanize,32
a,chair,4936
with,chain,50
a,thrown,29
to,chant,175
a,champ,98
in,chalk,71
of,chase,27
a,charm,317
in,chart,59
a,smudged,39
to,practise,67
in,surrender,89
but,absent,51
for,profit,563
to,badger,39
a,wheelbarrow,177
to,enrage,27
a,strand,485
to,staunch,61
a,layer,1194
of,nick,178
a,mainline,32
as,evidenced,1011
a,gloved,193
to,summon,536
to,depress,94
of,strain,193
from,interview,53
a,merchant,430
to,bluff,66
next,summer,842
by,pressuring,36
of,procuring,34
for,culture,168
to,unfurl,62
from,dragging,24
to,vacate,193
a,snatch,60
less,influenced,24
a,kidnap,26
to,bunch,31
to,infuriate,48
a,handicap,221
a,hydrating,41
to,pressurize,28
with,research,391
of,legalized,63
to,wend,26
of,rambling,31
of,label,28
to,pervade,50
a,welt,29
to,reconfirm,26
to,confess,868
but,appear,35
in,went,32
a,lament,73
to,weld,82
along,well,265
by,derrick,27
to,disabuse,49
of,liquefied,46
to,splatter,23
a,whimper,205
to,dazzle,114
of,gauging,41
to,shrivel,44
a,rampage,146
to,inherit,392
of,alienated,26
to,weep,469
to,weed,302
to,wean,224
to,wear,7966
to,beckon,61
with,gossip,44
to,popularize,79
to,garrison,32
of,caricature,45
to,disobey,139
to,assuage,272
a,drizzle,171
to,bracket,47
by,japan,262
to,apply,5743
a,peacock,147
of,opiate,35
a,known,850
to,expel,420
a,breech,36
of,rabbit,96
a,knock,1049
to,obliterate,186
of,reuniting,29
to,persecute,55
to,embarrass,647
with,labor,255
a,knoll,82
a,dividing,45
to,salivate,25
against,breast,102
to,arouse,337
to,proclaim,493
a,tingling,98
with,swollen,43
to,etch,57
a,roulette,35
a,ladle,57
to,revalue,23
in,breach,67
a,dimpled,59
to,reject,1596
to,demolish,231
a,frying,187
to,cohere,30
of,think,296
to,qualify,1939
of,tagged,23
a,jaundiced,59
a,stitch,133
to,officiate,79
to,siphon,110
of,rehabilitating,35
of,horseshoe,42
in,perpetuating,75
by,alluding,25
a,decapitated,27
per,piece,58
to,tinker,204
of,potter,26
by,patting,29
of,imagined,58
to,whet,66
of,reliving,32
to,constrict,68
of,biking,23
to,gobble,129
of,appeal,461
to,signal,821
to,proceed,2281
to,acquiesce,125
a,whip,324
a,whir,24
a,whiz,125
a,whig,27
to,medal,49
a,gilded,152
by,even,296
as,wire,32
by,situating,49
a,rummage,28
by,wise,30
to,quibble,77
but,wish,38
a,wisp,218
for,externalizing,26
to,ruminate,40
for,prompt,32
of,patronizing,26
of,lived,89
to,liven,87
to,splurge,119
against,wind,23
on,wine,86
with,wing,23
to,wink,74
from,nose,50
to,note,3733
to,wilt,133
a,mismatch,156
to,slurp,32
to,wipe,1607
to,fulfilling,79
of,havoc,37
during,school,214
behind,will,41
of,slush,42
to,baby-sit,127
with,cheese,477
to,agree,4405
by,intensifying,30
to,enclose,164
to,congregate,135
of,embezzling,31
in,escrow,65
to,archive,38
a,bereaved,34
to,verbalize,91
to,ascertain,996
a,cross-section,218
to,signify,373
to,exit,685
of,surge,26
a,mumbled,24
to,overhaul,398
a,keyboard,438
for,playback,35
to,awaken,366
as,judged,74
to,intuit,61
of,smoked,152
to,complicate,320
of,auction,29
in,mirror,41
a,schoolmaster,51
a,preconceived,77
of,multiplying,27
to,appease,553
of,import,115
to,impose,3106
for,embracing,36
to,propagate,221
to,bedevil,31
of,weekend,125
to,strive,391
a,circle,2743
to,trivialize,86
of,headline,25
of,evolved,39
on,unsteady,25
a,propos,32
with,string,165
to,formulate,899
to,instruct,448
a,strike,1215
as,vision,36
below,average,378
opposite,pattern,41
to,loathe,62
a,stripe,63
of,stride,37
in,refrigerated,26
of,puzzling,23
in,procession,55
a,tingle,82
of,compensating,56
with,associated,109
for,decorating,83
to,propel,321
a,disproportionate,670
of,fracture,116
to,escort,427
of,garland,34
than,better,33
of,skimming,24
to,assure,2377
to,inspire,1309
to,bleed,367
to,bleep,24
of,struck,30
a,confederate,78
but,assume,29
of,imagining,157
with,marinated,31
through,experience,140
to,resent,263
to,tighten,815
to,resell,95
to,deflect,514
to,imperil,23
on,stable,31
a,roundup,80
to,revolutionize,205
a,rezoning,49
as,fodder,51
to,engender,174
a,jumble,389
of,programming,541
in,retrospect,2069
of,inhaling,36
to,gorge,47
by,smell,43
to,rescue,2041
in,restoring,185
a,moderating,77
for,parallel,47
to,transcend,549
with,wolf,100
to,belittle,121
a,castle,453
to,replenish,378
of,neutralizing,28
of,attributing,34
of,numb,36
to,smear,203
as,derived,48
to,pencil,24
a,blend,778
for,disposing,43
up,litter,36
to,bless,263
to,resolve,4165
a,slipper,24
through,reason,28
a,fraction,2455
to,betray,334
a,disbelieving,28
to,empower,569
a,preview,1012
to,recruit,1857
a,vacuum,1338
of,throw,49
of,pilot,123
to,throb,97
by,swapping,39
as,word,273
between,work,242
with,worn,40
to,worm,49
with,merit,27
to,merge,741
in,wood,352
of,threw,33
from,press,80
as,witness,103
on,wove,43
of,tinsel,36
of,metal,1909
to,reclassify,34
to,synchronize,116
of,mating,82
while,browsing,23
to,ace,39
with,add,61
a,lance,75
in,act,104
as,fascinated,32
a,finger,2817
of,meter,70
a,riveting,133
under,age,692
to,embroider,30
to,air,1622
to,aim,566
from,aid,44
a,kennel,55
to,borrow,2041
about,flight,35
to,concentrate,2955
to,overplay,30
as,became,24
of,ape,27
of,navigating,71
of,thatch,35
but,art,93
of,arc,333
to,arm,373
of,ask,37
a,postmark,35
with,awe,234
to,detract,73
a,photograph,2492
of,shredding,23
a,writ,83
against,bad,45
of,bag,80
with,bar,37
to,ban,1688
to,bay,43
with,bat,26
to,breast-feed,96
to,impute,47
next,bed,54
to,beg,690
a,pervert,103
on,bet,49
of,black,9611
of,bid,24
in,bin,27
a,bib,38
to,eliminate,4395
a,bit,35055
to,deflate,132
to,inspect,1166
a,clutch,347
by,burying,50
to,boo,64
to,bop,26
to,bow,378
in,box,181
a,bot,42
with,bob,419
to,imitate,835
next,bus,49
of,buy,23
with,bud,53
with,bug,23
to,bum,101
to,wrap,1228
to,incite,190
by,golly,137
a,flashback,164
a,kickback,48
to,sweeten,169
by,memorizing,26
to,disappear,1387
by,cab,36
on,cap,26
in,car,337
a,can,1659
for,cat,57
to,smack,161
a,blaze,282
to,incarcerate,78
to,clarify,1885
to,extol,46
to,digest,564
to,overthrow,806
of,rubbish,103
a,con,444
to,cop,103
to,cox,36
a,cow,1214
with,proven,83
a,cog,46
of,cod,58
a,compromising,47
to,cry,4183
as,tucker,26
to,rhyme,70
to,cut,13595
plus,cup,31
to,impugn,73
on,smooth,80
on,cue,590
a,cub,122
in,blank,33
of,blame,391
to,finish,6183
to,stroll,217
a,blast,1049
as,symbol,34
a,cannonball,72
a,clarion,71
of,stroke,333
a,keynote,101
a,dab,234
of,bluster,35
a,dam,404
a,counterattack,115
to,faze,48
to,exude,61
from,fast,37
in,fate,48
a,den,204
a,fawn,81
of,dew,52
to,connote,44
to,decelerate,48
to,concrete,126
to,dig,2332
at,die,105
as,did,3150
a,din,53
a,dip,428
of,dim,66
to,terrify,67
to,elicit,826
by,don,420
to,dot,81
a,dow,43
from,dog,39
a,diffused,28
a,dry,2048
to,fail,2047
by,fair,23
to,fade,931
to,smash,412
with,face,39
to,dub,68
but,smart,57
to,wiretap,31
a,dye,69
a,fart,70
next,farm,25
of,enclosed,35
to,fare,101
into,fall,86
a,prank,178
a,fake,1248
a,fame,24
of,lavish,62
to,curtail,523
of,curtain,37
to,ebb,54
for,ear,33
to,eat,15048
to,overcompensate,26
of,swearing,26
to,translate,1329
a,dropout,71
a,cutback,42
to,contemplate,896
to,eschew,122
of,egg,282
to,unpack,185
to,eke,144
over,end,140
of,blubber,31
to,familiarize,238
to,coincide,471
to,err,218
a,disputed,144
a,jaunt,48
to,cycle,123
a,comeback,1053
of,luring,64
with,eye,87
as,driven,62
by,stripping,87
a,bristle,30
but,narrow,38
of,goose,72
to,wrangle,65
a,fag,93
but,dropped,140
by,fax,214
of,fan,183
on,microfilm,41
a,swirl,280
of,fed,59
of,fee,55
but,moved,115
to,swipe,83
to,decode,274
of,polish,405
a,fig,186
to,recline,30
to,foment,98
to,simplify,614
of,fit,302
a,swish,43
to,fix,5458
a,snoop,26
a,truss,24
on,trust,186
of,fly,112
as,fog,31
but,hesitated,34
on,fox,498
a,swing,760
of,sunken,35
a,snore,34
a,fry,39
a,snort,207
a,wheeze,36
on,fur,28
up,fun,28
with,mouth,32
a,mouse,1199
with,mature,48
to,mourn,391
to,orient,258
a,trump,49
on,mount,80
to,truck,98
of,gab,49
of,taboo,45
a,gag,261
as,gas,129
to,gap,28
to,cripple,159
of,gee,28
a,gem,214
a,gel,113
on,get,29
a,cocker,33
a,faggot,55
a,gin,123
of,gig,23
between,fear,59
for,sewer,30
to,hospitalize,24
to,corroborate,250
to,plummet,140
a,curving,122
on,lookout,24
to,hitchhike,59
per,package,48
to,husband,70
on,matter,29
but,got,365
a,gob,29
in,compiling,52
to,weaken,677
of,feed,178
a,gum,59
over,gun,41
to,guy,74
of,gut,41
but,feel,435
a,beggar,212
to,atrophy,49
a,sparring,29
for,hay,33
to,sever,277
with,ham,86
a,hyphen,36
a,hat,1593
to,rejoice,125
a,hem,30
a,hex,68
to,hew,40
to,endear,43
in,hit,23
to,unplug,72
to,resort,612
a,ration,44
a,flinch,31
a,hog,191
a,hoe,125
to,hop,322
of,decorated,42
while,battling,45
about,damage,31
a,hum,100
a,hut,183
a,deteriorating,105
a,hug,1268
a,skateboard,124
to,oppress,95
of,inciting,72
by,imaging,30
of,imagine,31
of,fell,121
with,felt,43
to,oblige,271
to,consecrate,44
to,fend,882
to,freshen,138
to,accompany,1336
between,ice,28
to,appraise,139
about,pleasure,23
to,subtract,98
a,scrape,104
a,feud,135
a,surfeit,122
to,reestablish,394
to,politicize,108
a,clapboard,39
of,ink,318
to,delete,232
of,discouraging,56
to,argue,4111
with,stomach,48
of,ballast,51
as,unfit,38
to,procure,290
to,prolong,399
to,renounce,338
of,disorder,183
in,supervising,37
a,jab,119
a,jaw,70
a,jag,27
a,jar,945
a,jam,174
but,despite,1387
to,despise,163
for,jet,48
before,addressing,48
of,fused,35
to,ratify,347
a,jig,132
to,arrange,1553
to,resign,1945
a,dredge,24
to,cherish,232
a,jog,135
like,job,37
a,steamroller,33
to,rejoin,362
for,joy,340
a,jot,33
to,reside,289
a,misfit,74
a,staged,131
to,swell,414
since,remarried,24
as,sweat,27
to,swear,313
a,jug,217
to,deplore,41
to,sweep,818
to,obey,1076
of,pocket,306
to,resist,3164
to,remarry,153
a,blindfold,98
to,slither,70
but,key,46
for,ken,119
to,kid,151
while,dreaming,24
than,serve,34
a,venture,407
to,idolize,27
of,fife,26
of,increase,330
a,rematch,196
outside,firm,33
by,fire,559
to,rally,961
with,file,36
without,hesitating,67
to,fill,8954
with,film,147
but,find,161
in,fine,573
to,morph,79
with,lay,35
a,lag,98
on,lap,60
of,led,82
with,leg,62
about,let,35
of,lie,59
to,obstruct,255
than,lip,36
with,lit,23
a,kindle,32
of,falsifying,34
of,arranged,28
of,improvised,43
to,log,371
of,wasted,85
a,lob,32
on,low,666
to,lop,36
to,authenticate,104
by,integrating,179
of,shaking,133
of,phrase,177
to,lug,161
to,decide,8504
with,consummate,42
to,complement,711
a,mat,233
in,mar,27
next,may,116
on,mad,28
on,map,29
for,man,259
to,underline,255
but,met,29
from,fish,177
over,fist,45
to,fulfil,72
to,mix,1554
of,dazzling,85
for,abusing,47
by,invading,74
a,mob,630
to,smuggle,325
a,crouch,153
to,flounder,40
a,mop,212
to,mow,249
between,surface,28
a,mug,420
to,flush,383
through,mud,74
to,table,308
to,flunk,24
a,mound,476
a,ledger,67
a,flute,201
to,scatter,204
to,catapult,56
a,copyright,87
a,nap,1039
a,nag,34
in,causing,150
to,nab,162
a,pulsating,48
to,extradite,166
with,range,23
to,incorporate,2257
a,net,1838
chez,police,23
by,motor,49
to,nix,43
a,nip,95
to,advise,886
to,nod,262
a,fluke,436
a,ranch,550
to,inscribe,73
to,soften,1099
to,encapsulate,75
a,fluff,24
a,nut,474
to,flog,32
in,flow,66
to,flop,52
a,flip,214
into,position,637
on,measuring,43
without,elaborating,32
in,flux,341
to,reelect,51
a,forklift,147
by,railroad,56
to,metamorphose,37
to,off,70
to,unscramble,23
a,canter,32
like,oil,172
as,pictured,26
to,canton,70
to,flex,242
to,flee,1528
to,opt,446
a,flaw,297
to,flap,69
for,advocating,67
than,flat,26
to,stagger,120
to,flag,191
but,taken,97
to,differentiate,963
on,out,1313
to,owe,112
to,own,2417
to,prescribe,523
to,ogle,69
a,monograph,97
to,craft,581
without,humor,47
a,reunified,54
at,crane,27
a,cramp,96
about,pat,89
into,pan,149
over,pay,34
a,paw,119
to,pad,103
a,pal,266
to,reshuffle,27
to,crank,211
of,beard,138
to,crave,82
to,starve,330
a,squabble,51
for,pet,76
a,crate,268
a,peg,171
a,pee,48
to,jiggle,44
a,pep,246
to,pen,86
in,crash,47
a,tally,121
of,withstanding,65
a,result,26795
in,pig,27
on,pit,23
a,resume,271
a,pin,599
but,admire,51
to,enliven,103
a,psych,51
with,charter,24
to,ply,103
for,instance,26611
a,pod,197
to,beach,58
on,pop,79
for,pot,38
a,come-on,48
to,quicken,87
in,armor,118
to,pry,648
to,perspire,43
a,pug,43
a,pub,274
a,pup,194
a,pun,114
of,put,327
with,crack,68
with,starch,23
to,browbeat,33
to,pounce,279
to,affiliate,68
a,halter,84
of,ringing,42
to,mollify,121
of,razor,86
to,superimpose,42
in,cooperating,38
without,equal,41
a,craze,51
to,terrorize,177
a,misprint,38
to,lengthen,143
of,tammy,50
a,crawl,291
pro,quo,415
to,hunch,44
for,landscaping,48
to,downgrade,79
a,ghost,1813
of,foul,226
to,overheat,56
to,overhear,128
to,reignite,54
to,scrimp,28
per,foot,156
in,discharging,27
to,fool,707
by,rap,25
with,ford,48
of,ran,31
with,fork,275
a,ram,87
about,ray,36
of,rat,70
a,groove,191
in,form,470
of,rag,31
of,circulating,70
to,rev,107
between,red,34
of,script,56
a,rib,226
a,rig,85
to,rid,850
a,rip,123
a,rim,115
of,charred,122
to,rob,717
to,individualize,48
upon,row,109
of,rot,80
to,divulge,286
to,equip,286
in,foam,31
a,foal,24
as,puzzled,25
to,fold,501
on,rue,77
a,rub,55
in,run,59
a,scribe,67
a,rut,225
of,tango,84
in,foil,226
a,stutter,62
as,rated,58
a,recognized,317
a,sap,45
a,say,531
of,saw,72
of,sat,78
to,sag,141
a,desolate,228
for,fuller,25
but,set,101
to,reproduce,1137
to,sew,312
but,sex,93
to,see,133614
a,malign,23
less,shy,35
with,process,29
but,sit,103
to,sic,28
to,sip,220
for,sin,110
a,reducing,30
a,flicker,370
with,sky,36
outside,ski,54
to,toughen,204
of,sod,57
a,tryst,54
a,sob,233
per,visit,67
a,sop,59
a,sow,93
a,spy,882
a,visor,70
to,preempt,219
to,demonize,171
after,deliberating,39
by,sue,99
a,sub,107
in,sum,1153
in,sun,140
a,sty,25
of,affiliated,41
to,sup,29
of,transferring,207
of,motivated,32
with,tap,46
to,tan,45
a,tax,4382
for,tat,97
of,tar,130
a,tag,321
bar,tab,30
to,arise,400
on,ted,56
from,tee,41
to,snuff,201
to,fray,85
to,dismember,39
of,bullet,94
to,tie,2096
a,tip,990
from,tin,38
to,recapitulate,47
to,toe,764
in,eliminating,162
for,toy,31
in,tow,946
a,tot,53
for,top,421
but,okay,62
like,try,23
in,obscure,58
a,tub,340
a,tug,354
to,weave,437
of,subduing,25
to,stanch,82
to,videotape,153
a,stowaway,28
a,trellis,111
of,weary,44
to,soothe,609
a,betting,99
of,waffling,23
by,achieving,64
to,unite,811
a,raven,124
to,blockade,67
of,sulphur,50
of,acclaim,27
a,taint,23
a,boomerang,71
of,cannon,57
by,substituting,154
to,acclimate,92
less,use,58
a,westernized,24
to,fret,162
a,sworn,203
a,rebate,173
toward,free,44
to,swoop,86
to,swoon,33
to,unify,438
a,scintillating,38
a,vat,154
with,frog,25
a,scream,669
to,vex,27
to,screen,839
a,backfire,23
of,orchestrating,47
to,vie,86
of,gotten,45
a,bristling,31
to,memorize,498
to,wedge,80
to,sensitize,65
to,expropriate,39
a,staple,821
a,vow,359
of,canopy,49
a,lipstick,112
to,barricade,43
of,idealized,48
in,camouflage,143
of,terminating,31
to,wag,44
of,war,9759
to,omit,125
a,wad,499
a,nickname,361
a,wax,144
a,manufactured,73
of,wet,633
on,web,67
a,grouch,28
a,wee,292
to,wed,230
to,acquit,134
of,flesh,931
to,wit,270
but,win,55
a,wig,345
to,tread,314
a,chaperone,63
a,stripped,31
under,ground,46
to,abduct,56
to,wow,89
tae,woo,44
of,won,23
to,fuck,538
in,fuel,341
a,fleck,44
of,differentiating,57
to,amount,104
to,privatize,360
a,tumble,136
of,overgrown,28
in,fleet,26
to,grovel,35
to,ooze,68
a,detour,249
a,tiled,65
for,toning,23
as,stemming,39
a,circumscribed,25
a,guarantee,606
with,open,721
a,misplaced,113
to,grouse,24
to,negotiate,4157
on,full,385
of,incense,199
of,funk,67
a,fund,1239
to,enhance,4215
on,trend,30
a,yak,29
to,yap,26
by,exploding,33
to,scroll,71
but,treat,27
a,yen,99
to,fuse,164
a,fuss,474
of,preserved,55
a,timed,51
as,characterized,35
for,sensing,24
to,retard,82
to,denigrate,179
a,third-degree,27
a,romanticized,53
of,fossilized,41
to,wriggle,117
for,hiking,133
a,trifle,377
a,dummy,291
a,rumpled,153
to,zap,71
to,immunize,90
than,abandon,24
a,dynamite,80
in,boldface,75
by,zip,36
to,cleanse,279
to,entertain,1308
a,tinge,188
from,collapse,37
to,unfreeze,31
a,choke,110
a,preface,88
to,snarl,42
as,panic,29
a,snare,109
a,flick,228
to,aggravated,28
in,ensuing,31
of,tongue,79
to,defecate,29
a,bucket,1160
in,snake,27
a,chariot,70
of,graffiti,128
a,panel,1844
a,segue,29
to,utilize,810
a,snack,755
to,retake,247
to,introduce,4130
to,buckle,232
of,exposing,145
on,advancing,33
a,snail,233
to,retain,2526
on,retail,63
to,flail,46
a,steward,83
to,flake,35
to,characterize,1067
a,flare,209
of,flash,131
to,rattle,267
a,knight,332
of,flame,483
a,spiderweb,59
to,flank,54
in,upholding,86
by,prying,44
a,nasal,160
than,answer,24
to,tabulate,33
to,secularize,28
in,disciplining,25
a,bullshit,29
to,decolonize,31
to,heckle,24
of,plunder,26
to,enlist,744
but,collapsed,40
as,trash,37
of,beeswax,50
to,speculate,1055
by,machine,114
a,tramp,136
of,seals,136
to,humiliate,262
to,outnumber,50
to,institutionalize,206
while,urging,31
from,trade,168
to,disrobe,38
to,colonize,193
a,trace,1370
on,track,2250
in,texture,118
to,congeal,28
in,train,83
for,trail,69
from,dancing,59
for,esquire,26
on,scoring,24
to,encode,75
to,surround,403
to,shatter,247
a,crucified,27
a,sobbing,46
to,dispel,555
to,reengage,33
to,reciprocate,165
to,redefine,640
as,articulate,24
to,easing,29
with,companion,26
to,prophesy,23
of,misuse,67
a,subtitle,38
to,chide,61
to,falsify,67
in,complying,48
to,organize,3240
to,quiver,99
de,chine,29
a,chink,55
to,chime,65
to,trample,81
next,broadcast,47
as,comprising,34
a,moonlight,27
of,chill,40
as,exemplified,214
of,sizzling,46
of,incriminating,28
to,chirp,35
to,agitate,82
in,highlighting,48
of,stayed,29
to,reoccupy,27
about,celebrating,34
to,solicit,465
a,rivet,25
to,swerve,80
to,illustrate,2215
for,model,93
to,modem,59
to,misread,34
a,correlate,25
of,institutionalized,117
with,rival,83
a,rapture,25
a,scallop,40
to,oust,520
to,vanquish,84
for,behaving,46
than,paint,23
of,torture,834
to,disown,56
on,receiving,71
into,thought,33
of,jargon,39
in,flannel,35
to,incinerate,50
about,separating,30
a,blurring,83
to,decipher,623
of,paste,42
to,cancel,1265
for,utilizing,27
to,appoint,955
for,romance,158
to,patronize,107
to,debunk,125
a,chipped,90
to,rebuff,38
to,unhook,50
to,reschedule,128
a,chunk,874
to,tantalize,33
a,flock,800
a,chump,56
at,pierce,24
to,fixate,41
to,churn,169
a,float,163
less,sense,65
as,convinced,43
a,title,1157
to,floor,203
a,flood,1444
a,chute,94
of,dismay,113
of,mortar,102
to,swarm,50
to,unscrew,70
for,ridicule,24
of,exhibit,51
a,gimlet,23
a,patch,1236
about,chuck,25
a,swamp,318
of,candle,56
a,swank,59
by,juxtaposing,60
for,troop,55
by,capitalizing,36
to,snipe,24
a,paved,169
to,raise,13846
to,maximizing,43
a,rock-and-roll,36
a,subsample,51
of,decomposing,34
a,troll,119
to,sniff,334
to,flout,63
to,flour,66
in,butter,370
to,disallow,40
a,jumbled,54
of,scaling,47
without,pause,106
to,floss,28
to,re-form,27
in,broadcasting,170
a,button,1790
to,alienate,302
but,gave,308
to,rebury,23
a,garment,242
to,gawk,123
a,rebuke,124
to,gasp,99
at,gate,51
a,gash,130
to,indict,392
after,averaging,67
a,gaze,115
a,grieving,189
to,baptize,55
on,bodies,29
to,detect,3284
at,triple,36
to,retire,2591
to,interfere,982
to,uncover,908
a,moped,29
to,wholesale,65
of,gall,35
of,game,1265
in,prescribing,30
to,gape,59
from,gang,25
to,persevere,181
to,gain,7855
of,horrified,28
a,gait,37
to,disclaim,23
to,detest,36
as,cement,24
of,tried,42
a,trice,44
a,trick,1168
after,undergoing,149
to,fondle,40
but,tries,45
about,finding,618
with,hector,28
to,chose,88
a,chord,501
to,fascinate,81
to,locate,3009
a,displaced,76
as,advocated,40
of,jamming,23
to,flirt,230
to,dishonor,36
to,brighten,308
besides,giving,27
in,flint,145
a,fling,123
to,decompose,102
a,trickle,596
in,advance,5827
with,corrugated,26
on,radio,983
to,computerize,35
to,resurface,82
a,harpoon,52
of,trembling,28
a,trampoline,142
a,blight,87
of,bruised,38
of,politicizing,23
of,friend,114
from,removing,38
to,paper,472
than,suffer,28
by,declining,68
to,seize,1477
a,trill,31
of,fudge,44
a,filibuster,309
a,sneak,301
to,re-emerge,33
by,exchanging,65
to,conclude,2102
a,sneer,186
of,balloon,47
on,countdown,36
on,gear,24
of,helped,49
a,charged,91
by,escaping,31
of,mention,47
to,discontinue,191
a,salvaged,35
in,calendar,33
a,putter,49
following,excerpt,85
of,curved,46
to,inoculate,86
to,apologize,1609
to,reiterate,218
to,compliment,175
to,befriend,156
of,sizing,29
to,invade,1042
a,racket,227
of,engineer,30
to,offer,11831
to,parse,113
about,overcoming,44
to,parry,42
to,lubricate,56
in,regulating,209
a,curtsy,27
to,retell,65
to,detain,250
into,detail,121
of,intrigue,154
a,junket,39
for,tired,24
as,opaque,27
to,detach,172
to,forestall,415
to,oscillate,35
to,retest,34
to,co-opt,152
to,commiserate,42
to,downshift,29
to,tremble,319
to,metabolize,60
of,produce,232
by,articulating,48
a,caged,117
a,fumble,317
of,grace,1329
of,legitimizing,36
in,grade,734
a,pack,2082
on,pace,323
but,include,51
to,flaunt,147
than,provide,54
a,sledgehammer,223
to,withhold,590
of,rhubarb,47
in,fixing,76
than,promote,23
about,proving,28
to,sensationalize,32
to,bandage,31
of,aching,27
a,splash,868
to,amplify,213
to,stigmatize,49
to,retool,131
to,pawn,64
to,pave,263
a,hurdle,101
to,graze,278
with,cabbage,47
a,baptized,23
to,suppress,1423
to,resemble,915
a,lunge,84
with,flavor,121
to,configure,115
to,retort,32
after,lunch,914
a,pair,12178
but,pain,67
of,hammer,29
of,twitter,30
a,dwarf,314
a,pall,199
in,palm,494
of,pale,446
a,harried,86
to,fluctuate,90
at,page,72
to,graft,59
of,grain,637
but,paid,75
of,grass,1591
to,grasp,1898
to,part,685
to,pass,10995
to,grate,46
of,park,240
of,seized,25
to,pare,166
as,grave,36
to,pant,41
as,fatigue,57
but,grant,54
to,feast,160
bar,graph,86
a,holiday,1552
a,butler,153
a,persecuted,32
in,gift,56
of,diaper,25
a,hallmark,432
to,release,3776
to,relearn,111
of,gill,29
with,gilt,26
to,accentuate,231
to,cascade,32
for,revitalizing,30
to,encase,42
a,whitewash,57
a,wrinkle,142
to,dictate,548
a,quarry,87
to,crumble,348
in,minimizing,55
of,assimilating,38
as,delineated,25
to,erode,346
to,invent,760
a,depleted,53
of,disguising,24
by,standardizing,29
of,initial,365
of,network,398
to,succumb,239
to,vilify,64
with,uniform,45
around,people,298
to,befall,47
toward,increased,66
to,give,52613
a,cleansing,113
on,sound,198
of,overpriced,25
of,crystallized,23
to,conquer,841
a,juggling,37
to,devalue,128
to,reshape,403
to,invest,4305
to,invert,53
to,nationalize,118
but,served,52
to,peak,236
a,peal,34
to,induce,905
to,reposition,132
a,chauffeur,159
to,induct,29
a,travesty,257
to,disarm,636
a,peck,140
a,nugget,55
into,crust,41
in,triplicate,64
to,crush,738
to,employ,1309
in,cache,47
to,cobble,86
to,pelt,32
for,caution,106
a,bedraggled,37
by,peer,59
to,peep,43
to,peek,291
of,peel,38
a,hiccup,86
as,cable,63
to,entrap,61
to,refocus,241
with,landscape,41
to,hamper,81
for,antique,43
to,christen,28
by,invoking,187
a,crumb,105
to,shuffle,144
to,puncture,77
to,traverse,199
a,proverb,64
a,caddy,49
with,fringe,48
with,devastating,117
like,glue,64
to,opine,39
in,function,112
on,vault,55
a,glut,201
of,giddy,49
a,glow,283
as,unified,30
a,perm,48
a,perk,74
a,pilgrimage,352
for,quantifying,23
to,infringe,53
by,blowing,123
of,glad,50
to,dribble,88
of,chatting,27
by,dredging,23
to,arrive,3264
of,accumulated,150
as,illustrated,455
to,enslave,74
to,languish,95
of,nurture,37
in,liberating,32
for,blending,58
a,bounce,153
of,liberalizing,24
a,ribbed,25
to,reaffirm,292
to,subdivide,52
a,kidnapped,51
to,cross-examine,144
to,instigate,75
with,ribbon,75
a,paneled,24
a,gentle,2084
to,enquire,34
a,scaled,38
to,invite,1558
to,outpace,72
to,delve,284
to,encourage,6450
without,involving,34
for,budding,43
of,yarn,145
of,abused,86
to,oversimplify,44
to,undertake,1315
a,yank,43
but,consider,288
of,entrance,41
with,delay,37
to,yawn,55
to,undulate,24
to,gnaw,80
to,inaugurate,91
a,surname,32
of,grime,55
per,pill,25
a,feint,51
by,gore,69
a,pike,68
to,pile,323
to,grill,217
a,compound,606
of,golf,1580
to,goof,26
a,gong,71
since,gone,117
with,pity,146
to,cohabit,23
a,stencil,57
a,presumed,67
of,piss,60
a,pith,33
like,paying,74
as,pink,64
of,devil,50
to,degrade,213
to,hobble,75
a,caper,23
a,pimp,284
to,grind,532
a,ping,25
in,pine,129
a,gown,198
to,gripe,49
to,pipe,110
to,goad,90
to,decrypt,23
a,benefit,1097
a,wallop,62
to,wallow,113
but,placed,40
of,freeze-dried,33
to,pick,13076
of,embedded,81
to,feign,78
to,depoliticize,36
to,erupt,242
but,goes,79
to,perpetrate,63
to,circumscribe,44
in,curing,42
of,disseminating,49
to,expound,104
a,crusading,56
to,disclose,1450
a,splint,63
to,dispense,337
with,accompanying,100
for,recess,55
a,domesticated,47
to,rectify,392
a,bustling,331
to,highlight,1186
to,exfoliate,36
to,splice,34
to,plead,782
to,besmirch,25
of,expatriate,38
to,slacken,34
of,equating,29
to,grab,2932
as,debate,25
with,arrest,34
to,yell,618
a,yelp,117
to,debase,28
of,lawyer,79
of,blazing,52
for,comment,898
to,commend,232
of,pedaling,32
a,politicized,66
to,titillate,35
to,delineate,245
to,invoke,550
into,manufacturing,25
a,mellow,153
to,hesitate,135
of,appreciating,56
by,illustrating,43
to,dislodge,346
to,plot,299
to,plop,49
to,plow,266
to,promise,620
to,circumnavigate,39
to,sanitize,64
to,grumble,62
to,plod,24
to,relate,1449
to,christianize,27
a,plug,216
to,underscore,549
of,grew,57
to,grey,32
between,play,25
a,grip,718
a,grin,1235
as,plan,26
to,triumph,160
of,disgust,319
from,gray,62
by,carol,33
to,actualize,64
to,carve,942
to,nourish,238
of,carry,36
to,dispose,596
to,grow,11450
a,costumed,28
with,grit,32
to,theorize,123
in,sealed,81
by,volunteer,39
a,sunburned,27
to,greet,1678
through,green,45
a,closet,966
into,closer,44
to,override,533
to,dwell,647
after,hitting,247
to,prosecute,1308
to,nudge,258
by,streamlining,24
to,uphold,995
for,costume,32
to,disperse,391
until,caramelized,27
to,harmonize,205
to,abdicate,63
to,entice,540
by,return,39
but,brought,62
to,synthesize,283
to,interrogate,217
of,mortgage,225
of,slipstream,48
to,clothe,72
to,founder,52
to,lurch,75
a,gripping,91
to,recant,60
by,analyzing,342
beyond,recall,24
to,endanger,141
a,quaver,31
of,sandpaper,44
to,outshine,28
to,recast,124
to,litigate,132
as,scared,82
as,elaborated,27
including,murder,45
a,wisecrack,33
a,pout,68
to,pour,1146
but,believed,60
for,port,58
a,pose,291
to,pore,50
of,wallpaper,85
by,post,40
to,redouble,80
of,exaggerating,48
in,initiating,109
at,command,26
to,perfect,489
to,discriminate,567
a,naturalized,121
of,canal,51
to,deter,982
to,forsake,110
a,dispute,1131
a,gull,89
to,gulp,61
for,gulf,31
over,guns,23
to,misrepresent,64
of,associating,52
to,recede,202
for,enrolling,37
a,stir-fry,44
to,poop,26
in,pool,70
in,poll,36
of,pole,33
a,gust,366
to,gush,67
of,manufacture,104
a,poke,120
to,plate,165
from,crumbling,24
to,transmute,34
to,polarize,55
to,sizzle,54
a,sheath,87
a,debating,32
while,fleeing,23
of,exiled,46
but,bought,25
for,plane,23
a,plank,164
with,plant,104
a,court-martial,93
to,muzzle,75
a,cavern,80
on,candy,47
a,cushion,340
in,plain,886
of,beetle,40
by,picturing,23
to,reeducate,24
from,place,489
with,dating,47
to,canoe,30
to,communicate,4698
to,untie,124
with,vinegar,132
like,yeast,26
to,yearn,40
to,recognize,8549
of,overeating,47
to,crumple,27
to,recoil,35
as,prey,46
with,cries,67
to,recognise,75
a,crick,29
to,pray,1994
to,nestle,44
a,record,6294
of,colonizing,35
to,foreshadow,34
a,season,2315
with,relish,160
to,reprocess,28
to,recoup,441
on,taste,40
a,tricycle,79
for,bottled,29
a,taunt,36
for,ginger,33
of,disguise,64
in,cultivating,67
to,shelve,67
for,combined,45
to,submerge,86
of,wrapped,39
to,decontaminate,36
to,worsen,209
to,ramble,53
on,search,27
to,crimp,23
of,encoding,24
a,nested,37
than,diminish,31
a,prim,63
to,outgrow,64
to,prod,197
to,prop,431
to,satirize,40
a,crisp,871
to,reorder,62
of,diffuse,63
a,sober,281
to,fragment,71
of,scrambling,32
by,capping,25
of,circumstance,160
of,composing,66
a,gutter,87
but,negative,41
to,educate,2849
a,gutted,40
to,surmise,72
to,equalize,203
of,subordinate,49
a,programme,43
of,coercing,23
at,target,190
to,denounce,435
to,relive,325
a,belch,54
after,liftoff,33
to,belie,27
to,advertise,679
for,pulp,28
but,pull,24
to,puke,100
a,belly,229
of,puff,36
to,categorize,393
a,bayonet,115
a,strangled,121
a,kneeling,76
a,pinprick,58
until,bubbling,44
to,qualifying,28
to,memorialize,120
to,tailor,291
to,amputate,103
a,pinnacle,58
of,wrangling,59
to,baffle,42
a,pulsed,32
to,perform,7800
from,design,80
to,taper,61
to,realign,108
to,desist,68
a,whoosh,116
in,desire,31
than,judge,27
to,entail,61
to,purr,33
of,plague,128
a,yoke,39
to,putt,76
to,push,7335
per,punt,41
of,pump,48
to,weigh,1322
a,centrifuge,60
a,murmur,283
of,covenant,43
at,york,83
to,reckon,188
a,trance,369
of,pipeline,90
a,pantomime,34
of,crepe,45
a,cellar,131
to,stagnate,32
to,recite,389
to,realize,7695
a,crest,84
by,designating,56
for,preferring,43
to,desensitize,24
by,characterizing,29
to,domesticate,46
to,investigate,5929
to,creak,33
to,believing,68
of,cream,370
a,creep,110
to,reconsider,1007
but,beware,134
to,confound,118
to,hobnob,28
a,revitalized,99
to,realise,44
less,impressed,57
a,sit-in,72
to,recommend,1326
a,coordinate,31
to,slather,27
without,undermining,57
but,began,81
a,remodeled,35
to,reorganize,327
a,plodding,36
a,reinvigorated,45
of,appeasing,33
of,hurry,27
on,bended,63
with,voting,39
of,handle,24
on,transit,26
to,co-operate,28
a,lounge,219
to,relent,58
a,hutch,23
to,cinch,42
a,gaggle,264
in,welsh,42
by,citing,187
to,recharge,275
to,beget,25
to,begin,14083
to,triangulate,40
a,comedown,30
to,prepare,6870
of,welch,29
to,vanish,282
by,dieting,27
into,harm,76
of,elevating,41
a,harp,109
a,hash,68
a,hare,83
a,fantasy,1116
to,haul,898
a,wadded,24
in,hate,42
with,hank,33
of,hang,59
with,hand,247
a,frequent,1332
to,erect,416
a,haze,303
with,prejudice,45
in,advising,63
a,hawk,459
of,rearranging,30
a,hangar,91
to,survive,7122
of,desert,609
to,hack,190
to,decertify,24
a,mountaineer,32
of,champion,37
like,hail,30
a,stockpile,68
of,halo,26
to,halt,1286
to,overrule,180
a,hale,23
to,tunnel,63
a,sniffle,29
on,bubble,24
but,identifying,24
in,organized,308
of,excavating,33
to,defer,474
of,quoting,51
by,berry,23
to,evince,29
a,berth,185
in,agreeing,78
a,shakedown,72
a,tarmac,26
to,reclaim,932
a,clatter,141
a,debilitating,223
but,excluded,26
a,bustle,41
a,reissue,23
up,costing,224
to,grapple,439
a,corkscrew,85
a,justified,57
to,inactivate,37
a,knockout,307
to,recommit,41
to,garnish,83
of,degas,60
to,cannibalize,30
to,meddle,136
for,intruding,31
of,advantage,89
to,manhandle,25
with,mildew,27
to,daydream,53
to,browse,271
among,industrialized,35
a,sweating,42
to,fertilize,134
a,caddie,63
as,understood,73
a,hilltop,204
a,cabal,68
less,traveled,145
to,powder,113
to,head,3518
as,hear,23
a,heap,814
as,heat,163
to,heal,1931
a,follow-on,40
to,prohibit,659
a,disabling,44
in,cabin,28
to,specify,695
a,despair,25
from,disclosing,44
at,credit,57
to,besiege,28
to,solve,6837
after,acknowledging,35
a,framed,540
to,rearrange,208
a,crease,78
to,graduating,31
but,create,44
of,narrating,28
a,valet,72
than,compensated,52
to,implement,4169
as,observed,111
as,travel,83
to,ravage,53
a,signpost,65
to,judging,47
to,govern,1305
in,measure,44
to,antagonize,126
to,condition,134
a,reprimand,123
to,succeed,4175
of,helm,24
outside,help,238
but,held,210
to,thicken,269
to,de-emphasize,55
to,heft,27
a,fingerprint,234
to,heed,405
to,heel,132
a,spitting,32
a,restructured,41
a,herd,689
behind,schedule,382
to,galvanize,137
to,erase,799
to,ponder,759
a,tariff,63
of,bench,56
a,figure,2764
of,foraging,56
a,puddle,494
from,value,26
with,chopped,295
to,marshal,181
to,deplete,64
in,structure,182
a,mock-up,57
as,cited,274
to,rescuing,24
a,digitized,47
a,superordinate,25
a,crock,155
a,brocade,24
to,reload,140
to,provoke,777
of,banter,24
a,breakaway,124
to,tiptoe,62
a,bottleneck,81
but,caused,28
to,ensure,12867
in,decay,30
to,recuse,86
a,decal,28
by,crook,36
a,priest,2196
as,formulated,32
to,repackage,31
a,perfume,119
to,espouse,118
a,gaping,297
to,augment,444
a,debit,105
to,unzip,57
than,chasing,28
about,direct,33
a,croak,48
in,nominating,35
without,putting,262
of,hide,86
of,intimidating,59
of,stonewall,51
next,hill,68
a,hike,539
to,subsidize,605
in,bottle,24
with,cross,28
a,bottom,295
for,crowd,24
to,sidestep,212
a,crown,434
a,decoy,168
to,incubate,42
to,decry,76
to,unlatch,27
to,swallow,1520
to,localize,64
to,celebrate,4359
a,hot-dog,25
to,replacing,60
a,sleeve,161
a,conjecture,34
to,satisfy,2881
to,jettison,154
to,objectify,35
with,pepper,252
to,abridge,25
to,hire,4210
to,hiss,53
to,misbehave,55
to,restate,114
to,second-guess,164
a,hint,2609
to,spurn,40
to,restart,344
a,spurt,76
to,denote,243
of,pumice,27
next,sentence,95
to,publicize,366
worth,emphasizing,27
a,censure,162
a,hive,160
to,supply,2011
a,supple,59
to,itemize,36
with,plaster,70
to,sunbathe,37
to,sterilize,114
of,enforced,61
a,sledge,44
a,buffet,312
of,buffer,36
before,supper,70
to,vibrate,177
of,ornament,60
as,stipulated,56
of,mingled,43
between,doctor,34
a,restructuring,245
to,remonstrate,26
to,tarnish,71
to,scandal,31
in,evidence,663
a,blaring,29
for,kidnapping,105
to,choreograph,65
to,reintegrate,79
for,bragging,35
a,dolly,64
of,jelly,113
to,designate,497
a,dollop,292
a,silenced,37
a,veneer,104
to,fritter,24
for,doubling,26
to,indicate,3751
to,linger,467
as,integrated,55
a,flip-flop,68
to,untangle,198
a,mutated,28
to,manage,5193
on,hidden,102
by,wading,24
to,effectuate,49
of,cramming,23
like,syrup,25
from,vacation,115
a,roster,322
to,reinstitute,29
to,flutter,89
but,smiled,31
a,cudgel,35
a,rhyming,24
but,compared,173
a,domed,97
but,ruled,37
to,penalize,147
to,achieve,12514
to,reimburse,269
of,trouble,3032
to,euthanize,33
to,overstep,24
a,hotter,62
to,berate,56
a,bored,173
of,overseeing,87
to,counteract,618
to,wither,126
to,hone,278
to,honk,37
as,home,402
between,hope,35
a,hoof,47
of,hood,39
to,hoot,23
a,bosom,29
to,hook,715
a,hoop,134
to,adjourn,82
to,embolden,31
next,hole,33
of,hold,74
to,situate,161
as,divine,83
a,purse,380
to,howl,149
to,interpret,2274
to,horn,32
of,shampoo,100
to,deepen,395
of,hose,56
by,host,28
on,x-ray,42
a,honeymoon,284
to,finesse,97
to,confer,360
a,croquet,41
to,elucidate,224
a,sprig,126
as,articulated,93
to,embark,470
to,upend,43
a,puree,52
a,crescendo,228
a,hoax,458
by,donning,30
to,underpin,51
a,purge,62
a,demoralizing,33
a,dimple,88
to,deteriorate,444
of,spray,206
in,hock,52
of,interest,8240
to,concur,66
with,stucco,28
to,deglaze,28
of,indulgence,52
to,reemerge,33
a,coffeehouse,71
a,syringe,273
of,challenge,342
to,outreach,23
with,helicopter,25
but,denied,118
in,legitimate,51
a,sanitized,47
for,developing,1595
a,double,4748
for,closure,141
to,disintegrate,188
a,cuddle,27
to,operate,4532
a,divide,118
about,committing,66
to,clobber,28
to,accumulate,713
from,shelter,27
a,trolley,135
in,franchising,42
a,created,64
by,lecturing,27
a,putty,43
to,interpose,25
to,afford,1583
as,bound,29
to,unroll,40
to,rehearse,296
of,abuse,1937
to,materialize,286
to,resonate,227
a,shell,896
while,dodging,23
a,creased,32
of,dispersed,28
to,passage,81
a,sheen,131
to,salary,29
of,sheet,148
for,sheer,198
to,invalidate,151
to,nibble,163
with,zest,25
to,clamor,30
a,waving,29
a,funnel,171
a,serenade,27
a,sheaf,275
of,shear,23
to,feather,45
a,shortwave,35
to,jesse,200
a,starring,140
a,motorbike,51
before,freezing,37
of,upset,88
to,divert,899
to,divest,138
to,quantify,745
to,affirm,574
a,mimic,24
by,deleting,30
a,motive,547
to,underlie,48
from,muscle,42
into,motion,367
a,welter,111
to,enumerate,72
to,indemnify,27
of,barter,30
to,mince,56
to,handcuff,49
of,avalanche,27
to,consolidate,839
of,decentralized,56
of,travelling,30
on,minor,67
a,doubt,1327
a,suffocating,57
into,mother,31
a,prized,171
like,selling,81
like,staring,40
to,interact,1336
a,disapproving,89
to,presuppose,32
a,falling,453
on,evaluating,34
a,compromised,65
a,predicate,38
like,lightning,186
to,specialize,273
to,foist,61
by,combining,687
a,baffled,38
to,uproot,118
a,hull,66
a,hulk,23
a,huff,177
to,disembark,68
to,hurt,3811
to,hurl,175
after,refusing,82
of,hush,29
to,douse,103
a,husk,27
to,revolve,121
to,remedy,776
but,hung,27
to,fortify,195
to,hump,28
at,hunt,24
to,restock,67
a,shank,40
on,leave,453
but,shall,37
in,shame,235
under,sharp,29
in,shark,24
of,share,62
for,lease,72
to,redeem,425
a,leash,341
to,shape,2187
to,learn,24305
to,possess,1101
a,shaft,316
a,shack,197
a,shade,620
of,shake,23
of,confiscated,29
to,pummel,53
for,exercising,103
a,sleigh,93
a,gated,135
of,sabotaging,24
to,ascribe,149
than,might,157
to,leach,79
a,rumor,693
a,volley,138
per,barrel,371
a,barred,71
to,estimate,1664
of,jeopardizing,35
to,hustle,179
to,reauthorize,52
of,refinancing,23
to,restore,4386
to,affect,2535
a,gauge,149
for,communicating,174
to,shave,567
to,influence,3351
to,atone,185
a,shawl,189
a,camouflaged,34
a,despised,32
to,supersede,66
than,remain,28
by,instituting,64
to,mistake,154
of,vibrating,27
on,individualized,25
to,remark,177
with,protruding,26
to,moisten,108
to,legitimize,380
on,remand,42
to,remake,380
than,focus,67
to,compartmentalize,55
to,overemphasize,56
a,line-up,25
a,wrench,230
to,juggle,358
of,holden,23
a,glance,2295
to,liberalize,175
of,inhaled,53
to,luxuriate,28
a,toggle,26
a,leech,43
a,consoling,44
to,accelerate,934
to,extrapolate,157
to,customize,230
to,penetrate,1024
a,hymn,190
to,hype,88
to,trounce,25
a,rippling,76
to,revere,69
by,automated,26
to,reenter,119
but,speak,32
to,revert,201
a,spear,314
a,pressurized,74
to,redraw,106
a,quit,30
a,quip,35
to,wilder,27
as,committed,140
to,barney,50
to,eject,117
of,pioneer,102
to,divorce,559
in,shotgun,23
as,practiced,171
to,demystify,104
a,settled,110
to,reinvigorate,160
of,mantle,24
of,nurse,101
as,entitled,25
of,fallout,54
to,overtake,263
to,anesthetize,39
of,trapping,43
to,supplement,1062
for,bogey,29
for,praise,90
but,spend,53
to,emigrate,259
as,growing,111
from,spent,24
of,foreclosed,33
a,spell,741
as,arising,43
to,topple,493
to,quiz,44
to,undercut,291
for,discipline,106
to,reveal,5457
a,zoom,85
a,consecrated,30
a,speck,354
to,infect,240
as,speed,88
a,brazen,91
to,ferry,203
next,closest,31
in,zone,92
in,segregated,105
to,fetch,886
in,middle,1324
to,unseal,28
to,unseat,285
for,woman,57
to,construe,108
of,closing,344
to,paraphrase,476
of,disintegrating,23
to,anticipated,25
to,dignify,69
a,sallow,35
to,wobble,78
to,reduce,13885
to,extract,1392
a,privilege,752
to,reawaken,50
to,sputter,62
for,bicycling,26
to,grieve,333
to,entrench,40
to,refrigerate,28
for,charcoal,25
to,reinstate,305
to,abide,690
of,dispensing,26
for,preferred,44
to,reinstall,43
to,discard,278
to,confiscate,144
to,abhor,27
of,bunker,47
to,unclench,25
to,streamline,323
to,babysit,104
to,apportion,69
of,redistributing,28
in,concentrating,36
to,excavate,211
as,described,1348
to,mandate,297
to,abound,29
a,proportionate,54
upon,occasion,32
to,revamp,278
while,traveling,295
to,abate,182
to,cater,318
at,board,47
as,catch,42
to,proffer,36
a,lapsed,66
to,double-check,111
of,activated,60
a,boast,46
of,stereotyping,59
as,indicating,82
a,sneeze,111
to,airlift,43
as,violating,39
a,holler,46
to,rotate,424
to,unravel,766
at,preparing,42
to,reassure,1274
with,hollow,44
to,straighten,739
a,slotted,387
to,spawn,330
to,clamber,70
a,powwow,31
to,observe,3392
to,excuse,358
to,spank,88
to,spark,436
of,installing,175
with,spare,50
of,caulk,25
a,heave,24
of,feature,129
upon,request,325
a,spade,243
against,heart,164
but,heard,95
of,fence,90
to,disturb,731
a,register,106
a,credential,67
by,space,106
to,redecorate,59
a,growl,170
of,manure,204
a,stepped,38
as,gross,40
of,hugging,48
for,group,448
a,grout,26
to,dwindle,87
as,given,146
with,cause,23
a,groin,89
in,surprise,878
a,groan,330
a,stakeout,34
a,groom,112
to,orchestrate,160
to,grope,89
in,conserving,41
a,jackknife,38
to,schmooze,47
for,separate,145
to,disassemble,75
to,safeguard,797
for,labeling,58
a,hedge,498
a,fabricated,29
to,discern,1085
a,profile,770
to,devour,250
of,amnesty,110
to,devote,1260
of,incarcerated,93
for,damaged,28
with,chatter,23
for,including,202
to,postpone,731
to,dialogue,132
to,reconstruct,837
by,omitting,44
a,fluctuating,41
by,donating,91
to,subsume,56
to,remind,3726
to,coexist,192
in,struggle,44
to,immigrate,132
a,bundle,1013
for,troubled,134
a,conniving,39
in,defusing,24
less,inclined,300
of,rationalizing,24
with,sorrow,114
a,transform,41
of,worth,164
in,idle,61
of,unsold,84
a,worry,233
but,worst,24
to,enshrine,55
to,protrude,32
of,prodding,33
a,magnifying,270
to,comply,2356
to,distill,102
to,abort,299
to,compel,451
to,fantasize,110
a,boost,1103
with,punch,26
to,throttle,90
to,capitulate,95
than,forcing,34
to,medicate,43
to,philosophize,27
of,dissolving,34
for,deposit,24
of,abode,66
to,require,2602
to,rescind,170
to,muster,316
of,spore,28
to,commit,3516
by,improved,34
about,sport,34
a,spool,87
to,spook,85
a,spoon,958
of,erasing,38
but,wound,52
a,spout,39
of,silence,2314
to,behold,443
for,concluding,33
to,spoil,445
but,spoke,50
a,glazed,67
from,issuing,58
with,would,63
in,salute,88
a,menace,292
a,spoof,108
as,dodge,40
with,booze,34
a,branch,1302
to,plunk,62
a,plume,190
a,plumb,48
a,plump,276
to,attract,4778
to,pluck,270
a,riddle,177
in,rate,46
to,revoke,196
to,inform,2325
to,confront,3082
a,rave,100
to,obviate,58
to,rape,512
a,rasp,55
to,stipulate,63
a,summons,157
by,subscribing,24
to,imbibe,33
to,short-circuit,74
to,settle,5345
a,revolt,219
to,raze,82
on,rack,153
with,woven,23
to,intimidate,629
a,raft,555
a,rage,517
to,profess,79
as,modified,38
to,reconstitute,161
of,adoring,42
a,revote,33
a,race,2893
than,quadrupled,48
a,ramp,298
to,rant,52
to,rank,523
to,relieve,1723
a,rail,380
of,raid,33
a,rake,139
on,rain,48
to,beguile,24
of,spice,110
as,introduced,28
of,spike,31
a,heist,29
for,fever,26
a,doting,83
to,originate,147
to,reappear,160
of,hospitalized,24
to,dawdle,35
a,cuckoo,46
a,farewell,340
a,grunt,335
to,regenerate,204
on,parade,114
a,plugged,24
to,immobilize,78
to